# Maltese frequency list derived from MLRS Korpus Malti (CC BY-NC-SA 4.0), conversational genres + Tatoeba (CC BY 2.0 FR).
# Ranks are of folded forms (diacritics normalised), so `ġo` and `go` are one.
rank	word	count
1	li	2218261
2	ta'	1170958
3	tal	946851
4	ma	532824
5	fil	413783
6	minn	352521
7	biex	344679
8	kien	343666
9	dan	309720
10	ziri	304437
11	mill	301819
12	fuq	277404
13	fl	265815
14	qed	247309
15	għal	239750
16	għall	225844
17	lil	216688
18	se	198324
19	kif	197270
20	din	194632
21	hu	181597
22	meta	170888
23	hemm	167880
24	tiegħu	167794
25	huwa	165080
26	xi	152734
27	wara	144094
28	lill	138600
29	sena	131928
30	jew	128745
31	dwar	128081
32	aktar	125009
33	dawn	123852
34	ħafna	121380
35	mhux	121007
36	jekk	120595
37	huma	119206
38	ukoll	118621
39	dak	118191
40	kienet	115980
41	bil	114362
42	kienu	113222
43	fejn	109541
44	imma	106945
45	bħala	106759
46	min	105677
47	hija	102654
48	mal	102629
49	malta	101377
50	jrid	100050
51	għax	98734
52	jista'	97436
53	oħra	96494
54	tas	95844
55	ewwel	94194
56	qal	93753
57	fi	92691
58	jkun	87642
59	tagħhom	87165
60	wieħed	86762
61	kemm	86503
62	dejjem	85121
63	dawk	83414
64	kull	82500
65	tkun	81616
66	aħħar	81614
67	biss	79610
68	kollha	79312
69	gvern	79235
70	wkoll	79055
71	nies	78823
72	iżda	78108
73	tat	74071
74	hi	73885
75	fis	72304
76	hekk	71917
77	tagħna	71370
78	ministru	70100
79	għandu	67903
80	iktar	67870
81	ftit	66816
82	ikun	66118
83	alla	65081
84	lejn	65014
85	tagħha	63133
86	bl	63034
87	fit	62214
88	istess	60041
89	żmien	59924
90	tad	59894
91	xogħol	59748
92	partit	58998
93	waqt	57074
94	ġesù	57070
95	ħajja	56332
96	qabel	56080
97	hawn	55801
98	jien	55787
99	bħal	54905
100	snin	54833
101	rima	53238
102	bejn	53194
103	aħna	50868
104	ħadd	50201
105	issa	49178
106	waħda	49055
107	żewġ	48383
108	dinja	47490
109	fid	47412
110	kontra	46802
111	minħabba	45535
112	pulizija	43672
113	għandhom	41762
114	ġie	41729
115	td	41432
116	kellu	41118
117	malti	41072
118	jgħid	41039
119	jagħmel	40681
120	mod	40637
121	jkunu	40589
122	tiegħi	40522
123	kollox	40504
124	b'mod	40037
125	oħrajn	40007
126	ieħor	39475
127	san	39431
128	dar	39301
129	kont	39263
130	qatt	39258
131	tajjeb	39028
132	knisja	39001
133	sabiex	38746
134	darba	38572
135	xejn	38442
136	tista'	38176
137	kollu	38164
138	post	38134
139	ħaġa	38103
140	bżonn	38064
141	tar	38039
142	tfal	37830
143	għalhekk	37819
144	għaliex	37295
145	persuna	37195
146	illum	36975
147	fatt	36873
148	quddiem	36391
149	kbira	35950
150	dik	35654
151	persuni	35282
152	tiegħek	34916
153	każ	34847
154	pajjiż	34636
155	anke	34406
156	ser	34208
157	bi	34030
158	ġdid	33818
159	ġimgħa	33798
160	flimkien	33786
161	ħin	33672
162	jiġi	33344
163	permezz	33339
164	taħt	33034
165	fost	32951
166	qorti	32944
167	sa	32565
168	jistgħu	32424
169	ġeħova	32185
170	għandha	32160
171	prim	31942
172	saħħa	31903
173	triq	31869
174	jiġu	31809
175	nazzjonalista	31800
176	kbir	31614
177	filwaqt	31610
178	maltin	31165
179	qiegħed	31134
180	madwar	31128
181	parti	30950
182	aħjar	30887
183	f'dan	30796
184	barra	30763
185	kulħadd	30278
186	tax	30206
187	familja	30158
188	billi	29988
189	diversi	29983
190	raġel	29966
191	għandna	29912
192	matul	29562
193	art	29385
194	lura	29258
195	jagħmlu	28971
196	belt	28872
197	ilu	28834
198	għat	28769
199	affarijiet	28601
200	sar	28536
201	bla	28465
202	tant	28437
203	tabib	28287
204	ġew	28200
205	tliet	28115
206	għamel	27900
207	bniedem	27899
208	poplu	27520
209	ebda	27383
210	għad	27208
211	qalet	27064
212	differenti	26691
213	jaf	26549
214	tan	26384
215	fir	26351
216	numru	26343
217	importanti	26253
218	mingħajr	26072
219	jidher	26032
220	tagħmel	25929
221	tajba	25726
222	president	25678
223	int	25589
224	f'malta	25032
225	minkejja	24975
226	kelma	24960
227	mara	24942
228	nazzjonali	24871
229	mulej	24836
230	llum	24819
231	tieni	24792
232	mar	24740
233	milli	24476
234	ktieb	24192
235	anki	24163
236	soċjali	24162
237	lokali	24104
238	kap	24100
239	ikunu	24075
240	jibqa'	23889
241	għas	23879
242	minnhom	23790
243	fih	23696
244	liġi	23669
245	mt	23662
246	flus	23407
247	ewropea	23144
248	laburista	23002
249	tgħid	22934
250	ħa	22839
251	politika	22839
252	tiġi	22696
253	erba'	22696
254	membri	22551
255	mis	22547
256	nhar	22516
257	tnejn	22173
258	bibbja	22066
259	img	22059
260	jum	21981
261	qegħdin	21764
262	għadu	21723
263	nistgħu	21680
264	għajnuna	21664
265	jara	21516
266	kellhom	21480
267	mit	21470
268	naħa	21297
269	trid	21245
270	parlament	21194
271	kliem	21161
272	ġenerali	21146
273	diġà	21098
274	jieħu	21068
275	skont	20924
276	kristu	20763
277	kienx	20747
278	maltija	20691
279	għalkemm	20637
280	ġiet	20619
281	stess	20526
282	waħdu	20524
283	mid	20372
284	muscat	20302
285	illi	20255
286	t'alla	20213
287	sal	20154
288	papa	20128
289	għadda	19966
290	saret	19961
291	jagħti	19926
292	imħabba	19896
293	pajjiżi	19869
294	beda	19821
295	lit	19540
296	ħaddiema	19498
297	tim	19353
298	qalb	19288
299	għan	19158
300	grech	19057
301	isir	18916
302	proġett	18865
303	fiha	18804
304	ħsieb	18758
305	taż	18734
306	istorja	18702
307	uid	18655
308	abela	18455
309	pprova	18412
310	żgħażagħ	18345
311	bidu	18308
312	artiklu	18271
313	forsi	18189
314	xhur	18123
315	pajjiżna	18016
316	kellha	17990
317	jieħdu	17972
318	baħar	17957
319	fosthom	17734
320	lanqas	17661
321	jiena	17654
322	ġdida	17570
323	grupp	17495
324	ġurnata	17492
325	ġodda	17459
326	internazzjonali	17422
327	f'din	17419
328	kbar	17220
329	miljun	17206
330	pn	17162
331	bosta	17128
332	mewt	17033
333	nagħmlu	16986
334	kważi	16855
335	rapport	16850
336	unjoni	16809
337	allura	16809
338	irid	16705
339	b'hekk	16703
340	imbagħad	16630
341	servizz	16543
342	kunsill	16534
343	soċjetà	16468
344	wisq	16454
345	pubbliku	16439
346	st	16335
347	jsir	16329
348	inqas	16294
349	dr	16236
350	saru	16235
351	madankollu	16235
352	ilma	16207
353	sitwazzjoni	16197
354	nisa	16196
355	elezzjoni	16177
356	ġewwa	16138
357	fix	15914
358	xhieda	15911
359	aħbarijiet	15895
360	isem	15890
361	programm	15880
362	isptar	15862
363	dawl	15781
364	joseph	15732
365	miegħu	15716
366	bis	15692
367	parlamentari	15556
368	ngħidu	15438
369	bit	15374
370	informazzjoni	15254
371	xahar	15240
372	għawdex	15220
373	għandi	15217
374	baqa'	15206
375	bħalissa	15206
376	sew	15153
377	iskola	15054
378	ġenituri	15047
379	jħobb	15031
380	ħidma	15018
381	xorta	14958
382	nofs	14949
383	kumpanija	14926
384	jaħdem	14880
385	seħħ	14845
386	lum	14797
387	liema	14740
388	rand	14690
389	rec	14591
390	kamra	14536
391	ewropew	14532
392	akbar	14527
393	ġej	14496
394	esperjenza	14436
395	minnu	14379
396	jitkellem	14379
397	sehem	14351
398	kompla	14225
399	oppożizzjoni	14212
400	tul	14124
401	ministeru	14079
402	żgur	14077
403	caruana	14032
404	kieku	14014
405	jistax	13972
406	covid	13917
407	paul	13911
408	sakemm	13901
409	naraw	13870
410	għadhom	13865
411	ikel	13848
412	iżjed	13796
413	ara	13742
414	ċar	13732
415	ħames	13646
416	nkunu	13631
417	ewropa	13599
418	robert	13592
419	fidi	13584
420	ssir	13583
421	aqwa	13580
422	jaħdmu	13550
423	sab	13520
424	jehovah	13515
425	diffiċli	13449
426	jiġifieri	13447
427	laqgħa	13446
428	tassew	13439
429	uffiċjali	13388
430	jiġri	13360
431	ħażin	13328
432	la	13325
433	sistema	13318
434	bħalma	13310
435	f'dawn	13297
436	kuljum	13140
437	għar	13126
438	le	13124
439	jipprova	13124
440	qasam	13123
441	tibqa'	13112
442	jiem	13103
443	deċiżjoni	13055
444	newsbook	13042
445	pm	13030
446	ambjent	13020
447	bdew	13019
448	bank	12984
449	festa	12921
450	sema	12903
451	ispirtu	12829
452	eżempju	12793
453	dritt	12779
454	għala	12764
455	messaġġ	12741
456	imur	12737
457	konna	12729
458	jibda	12707
459	fenech	12685
460	jinsab	12677
461	biżżejjed	12665
462	bdiet	12655
463	jorqod	12640
464	żgħar	12635
465	proċess	12632
466	awtorità	12595
467	ikteb	12565
468	ħalli	12564
469	fill	12529
470	farrugia	12518
471	pawlu	12470
472	ħareġ	12469
473	reġa'	12462
474	qrib	12447
475	juri	12423
476	nuqqas	12419
477	servizzi	12388
478	f'pajjiżna	12351
479	kummissjoni	12345
480	verità	12332
481	seta'	12329
482	xulxin	12329
483	problema	12329
484	sibt	12324
485	inti	12315
486	minflok	12299
487	għalih	12263
488	gwerra	12253
489	ftehim	12246
490	saħansitra	12198
491	marija	12135
492	karozza	12122
493	avukat	12117
494	magħhom	12104
495	joqgħod	12104
496	problemi	12066
497	delia	12009
498	għaqda	11964
499	ġid	11846
500	lin	11840
501	qalu	11807
502	ritratt	11806
503	logħba	11729
504	azzopardi	11670
505	fiż	11660
506	ferm	11651
507	jgħixu	11643
508	vella	11628
509	mil	11596
510	jgħix	11579
511	valletta	11576
512	borg	11556
513	ġejjin	11539
514	jgħidu	11527
515	tard	11493
516	mir	11458
517	edukazzjoni	11452
518	fin	11446
519	settur	11437
520	awtoritajiet	11423
521	tmiem	11413
522	tagħti	11398
523	talba	11351
524	però	11325
525	użu	11295
526	spjega	11295
527	għamlu	11269
528	margin	11267
529	com	11223
530	tip	11193
531	livell	11178
532	ewropej	11090
533	drabi	11056
534	jibqgħu	11054
535	ħabs	11054
536	tieħu	11040
537	sit	11021
538	ġustizzja	10991
539	naħseb	10970
540	missier	10952
541	jagħtu	10918
542	ingliż	10888
543	eks	10857
544	omm	10848
545	favur	10843
546	ċentru	10832
547	jidħol	10819
548	issir	10815
549	f'dak	10815
550	magħruf	10811
551	daħal	10805
552	żieda	10805
553	sitt	10787
554	speċjali	10783
555	ħaddieħor	10743
556	tifel	10736
557	istati	10732
558	popolari	10724
559	bnedmin	10649
560	tom	10641
561	komunità	10640
562	de	10627
563	grazzi	10615
564	jogħġbok	10571
565	segretarju	10556
566	sigurtà	10553
567	jkollhom	10549
568	familji	10533
569	tara	10530
570	residenti	10517
571	sewwa	10477
572	għada	10451
573	wħud	10422
574	talk	10416
575	istat	10385
576	mużika	10362
577	naf	10314
578	uffiċċju	10304
579	akkużat	10296
580	mat	10294
581	tlieta	10290
582	tielet	10272
583	ngħid	10264
584	saltna	10257
585	biċċa	10250
586	mhix	10249
587	yanni	10241
588	taċ	10204
589	membru	10191
590	bir	10179
591	jmiss	10168
592	sens	10114
593	ruħu	10082
594	tkompli	10080
595	għadha	10072
596	interess	10046
597	drittijiet	10035
598	kelli	10027
599	facebook	9991
600	tkellem	9987
601	bini	9983
602	anzjani	9976
603	zammit	9954
604	lejl	9950
605	arċisqof	9947
606	kumitat	9944
607	sostna	9909
608	kmieni	9900
609	camilleri	9888
610	toroq	9875
611	isiru	9875
612	irridu	9861
613	mela	9856
614	taf	9814
615	david	9810
616	kiteb	9779
617	nafu	9778
618	speċjalment	9771
619	jkollu	9757
620	futur	9755
621	barranin	9754
622	qiegħda	9690
623	jafu	9687
624	deputat	9685
625	ejja	9681
626	veru	9667
627	għalina	9666
628	ħbieb	9656
629	saħaq	9617
630	faċli	9611
631	mbagħad	9607
632	minuta	9580
633	paċi	9579
634	fihom	9573
635	bogħod	9552
636	preżenti	9538
637	lingwa	9525
638	għandek	9478
639	left	9459
640	fiċ	9451
641	lis	9443
642	santa	9436
643	istaġun	9418
644	għalihom	9379
645	għaddiet	9345
646	mhumiex	9323
647	mument	9311
648	ue	9307
649	politiċi	9306
650	inċident	9287
651	pubblika	9279
652	kampanja	9273
653	jgħin	9252
654	tama	9227
655	maġistrat	9224
656	malajr	9213
657	pandemija	9204
658	kristjani	9191
659	għadd	9181
660	jinsabu	9172
661	tibda	9131
662	iva	9120
663	kura	9114
664	raġuni	9112
665	bħall	9101
666	mija	9086
667	finali	9079
668	istudenti	9059
669	aħbar	9058
670	text	9053
671	ġimgħat	9052
672	ekonomija	9032
673	jerġa'	9029
674	ifisser	9027
675	ammont	9011
676	politiku	9009
677	schembri	8991
678	ħsara	8951
679	gazzetta	8920
680	italja	8916
681	jsiru	8893
682	azzjoni	8892
683	ħabta	8890
684	mix	8841
685	għaddej	8834
686	kapaċi	8822
687	università	8818
688	enerġija	8800
689	riżultat	8795
690	midja	8738
691	taħdem	8729
692	bid	8722
693	pjan	8718
694	tifla	8705
695	uniti	8705
696	nar	8683
697	nagħmel	8680
698	ferħ	8680
699	bieb	8648
700	quddiesa	8643
701	irġiel	8624
702	miżuri	8607
703	siegħa	8581
704	titkellem	8565
705	personali	8557
706	jridu	8552
707	tinsab	8547
708	mingħand	8528
709	bernard	8526
710	xemx	8509
711	milied	8506
712	stqarrija	8502
713	tmur	8468
714	isqof	8449
715	seba'	8446
716	adrian	8430
717	vot	8412
718	wasal	8396
719	marzu	8390
720	unit	8376
721	minnha	8375
722	pass	8361
723	verament	8354
724	vera	8350
725	risposta	8343
726	mejju	8342
727	tmexxija	8335
728	ħniena	8294
729	juru	8290
730	kotba	8282
731	kwistjoni	8280
732	mas	8267
733	ewro	8262
734	talb	8257
735	ħal	8252
736	ċivili	8233
737	punt	8217
738	qtil	8216
739	għoli	8207
740	kwalità	8199
741	joħroġ	8184
742	tazza	8184
743	partikolari	8170
744	lilu	8169
745	żagħżugħ	8156
746	taljan	8152
747	appoġġ	8151
748	vittma	8131
749	età	8126
750	mistoqsijiet	8109
751	rigward	8093
752	jisma'	8087
753	stejjer	8082
754	ġunju	8079
755	qawwi	8060
756	franġisku	8054
757	diskors	8053
758	joe	8040
759	nnifsu	8033
760	fondi	8033
761	jingħata	8033
762	għażla	8023
763	investiment	8022
764	galea	8004
765	spiss	8001
766	ġo	7993
767	ordni	7984
768	jannar	7983
769	filgħodu	7979
770	demm	7975
771	hawnhekk	7960
772	spiritwali	7957
773	miktub	7954
774	sħiħ	7934
775	magħna	7933
776	daqs	7924
777	żona	7918
778	magħha	7912
779	filmat	7912
780	miet	7893
781	kummissarju	7890
782	inkunu	7882
783	jibdew	7879
784	skond	7859
785	jingħataw	7851
786	seklu	7840
787	proġetti	7840
788	droga	7839
789	ittra	7827
790	laqgħat	7814
791	b'dan	7813
792	rebħa	7769
793	mhuwiex	7753
794	arti	7744
795	enrico	7743
796	gżira	7711
797	ruħ	7704
798	sentejn	7701
799	mistoqsija	7698
800	partiti	7689
801	tagħlim	7680
802	tirċievi	7676
803	peress	7672
804	biża'	7668
805	opportunità	7662
806	galizia	7662
807	komuni	7658
808	tidħol	7652
809	jmur	7652
810	fuqu	7644
811	qawwa	7641
812	jilgħab	7640
813	dubju	7633
814	align	7632
815	jaraw	7611
816	għaddejjin	7606
817	inkjesta	7599
818	mizzi	7591
819	legali	7587
820	anqas	7586
821	charles	7585
822	settembru	7575
823	protezzjoni	7566
824	ikollu	7558
825	attivitajiet	7557
826	importanza	7554
827	għamlet	7545
828	ogħla	7523
829	frar	7520
830	ikbar	7515
831	linja	7514
832	iżvilupp	7510
833	futbol	7506
834	ħadu	7493
835	jidħlu	7487
836	logħob	7481
837	attività	7476
838	magħrufa	7470
839	elettorali	7445
840	suċċess	7438
841	fittex	7438
842	possibbli	7425
843	ra	7418
844	pawl	7416
845	paġna	7414
846	auto	7411
847	sajf	7401
848	raħal	7399
849	mejda	7357
850	mistenni	7356
851	nieħdu	7350
852	ikompli	7348
853	sigħat	7345
854	annimali	7341
855	żgħir	7328
856	kellna	7326
857	preċedenti	7326
858	fiduċja	7315
859	renju	7305
860	f'kull	7299
861	dipartiment	7279
862	żgħira	7248
863	sant	7244
864	jkollna	7235
865	kultura	7232
866	ċerti	7231
867	indirizz	7227
868	klabb	7220
869	mad	7210
870	dieħla	7206
871	ġara	7203
872	żwieġ	7198
873	inkluż	7189
874	ċans	7180
875	nibqgħu	7159
876	b'xejn	7156
877	lulju	7155
878	pietru	7152
879	daphne	7145
880	am	7127
881	spiċċa	7126
882	responsabbli	7120
883	f'paġna	7119
884	direttur	7102
885	kampjonat	7097
886	pożizzjoni	7090
887	postijiet	7078
888	dakinhar	7075
889	deher	7073
890	bih	7060
891	jkunx	7053
892	diċembru	7050
893	jgħaddi	7044
894	dun	7043
895	app	7037
896	eżatt	7034
897	kawża	7033
898	għalija	7032
899	naturali	7021
900	jeħtieġ	7015
901	konferenza	6970
902	apparti	6954
903	għaddew	6954
904	lkoll	6907
905	qawwija	6893
906	xogħlijiet	6889
907	sħiħa	6888
908	s'issa	6882
909	għalfejn	6879
910	niżżel	6876
911	għaldaqstant	6875
912	dei	6868
913	bidla	6827
914	ħdejn	6824
915	għalliema	6816
916	qari	6816
917	jaqra	6801
918	stqarr	6801
919	kultant	6796
920	inkella	6796
921	intant	6781
922	ottubru	6779
923	talli	6759
924	kuntratt	6746
925	isbaħ	6731
926	iħobb	6730
927	novembru	6723
928	jkompli	6717
929	george	6713
930	turi	6705
931	scicluna	6704
932	chris	6695
933	madonna	6679
934	żied	6677
935	snienu	6675
936	qaddis	6670
937	busuttil	6664
938	għaliha	6657
939	relazzjoni	6657
940	eżekuttiv	6655
941	gżejjer	6650
942	marru	6649
943	ċertu	6643
944	ukrajna	6624
945	kitba	6606
946	ritratti	6602
947	frott	6585
948	hemmhekk	6583
949	deċiżjonijiet	6581
950	tfisser	6570
951	rridu	6569
952	sur	6569
953	https	6567
954	perjodu	6559
955	realtà	6555
956	ħajtu	6554
957	aħwa	6553
958	rebaħ	6551
959	dħul	6544
960	read	6543
961	sign	6538
962	mexxej	6537
963	nista'	6516
964	daqqa	6514
965	każijiet	6510
966	mħabba	6504
967	intom	6483
968	ġorġ	6481
969	uħud	6479
970	lid	6478
971	lest	6471
972	djar	6453
973	repubblika	6450
974	imħallef	6449
975	april	6442
976	ried	6442
977	ikollhom	6430
978	join	6425
979	tingħata	6422
980	wera	6412
981	jilbes	6403
982	lista	6382
983	agħar	6382
984	jitlob	6381
985	m'hemmx	6381
986	ġwann	6376
987	miegħek	6373
988	mifsud	6371
989	kongregazzjoni	6344
990	kapitali	6342
991	talab	6334
992	każi	6319
993	sentenza	6315
994	sabiħa	6309
995	attenzjoni	6293
996	għaxar	6293
997	wiċċ	6291
998	proposti	6289
999	juża	6284
1000	mater	6280
1001	nara	6270
1002	wieġeb	6269
1003	filgħaxija	6265
1004	tlett	6264
1005	kundizzjonijiet	6242
1006	mario	6241
1007	festi	6238
1008	kun	6233
1009	bonnici	6219
1010	man	6200
1011	alfred	6196
1012	suppost	6193
1013	tarbija	6190
1014	valur	6165
1015	iskejjel	6164
1016	nixtieq	6162
1017	daqshekk	6160
1018	dalgħodu	6157
1019	ħdan	6152
1020	għarfien	6141
1021	sabiħ	6140
1022	liġijiet	6140
1023	eluf	6124
1024	franza	6110
1025	ngħixu	6104
1026	ingilterra	6102
1027	libertà	6101
1028	kriminali	6095
1029	john	6094
1030	ħabbar	6071
1031	suq	6066
1032	konfront	6048
1033	għassa	6042
1034	jikteb	6038
1035	vjaġġ	6037
1036	ġurnalisti	6021
1037	miegħi	6016
1038	minna	6011
1039	gravi	6009
1040	league	6008
1041	ħaj	6004
1042	rieda	6004
1043	m'għandux	6002
1044	taqsima	6001
1045	nemmen	5999
1046	parroċċa	5982
1047	viċin	5978
1048	unika	5975
1049	karozzi	5971
1050	tgħin	5964
1051	arrest	5963
1052	simili	5959
1053	vjolenza	5946
1054	punti	5939
1055	f'xi	5936
1056	proposta	5930
1057	hux	5904
1058	żjara	5901
1059	prova	5901
1060	taħriġ	5898
1061	kinitx	5897
1062	joħorġu	5889
1063	ġwanni	5881
1064	għaddejja	5866
1065	meħtieġa	5864
1066	turiżmu	5859
1067	għawdxin	5856
1068	immur	5854
1069	responsabbiltà	5852
1070	jimxi	5851
1071	okkażjoni	5845
1072	ċara	5843
1073	tistax	5842
1074	ijiem	5837
1075	sliema	5832
1076	russja	5827
1077	mistennija	5824
1078	agius	5824
1079	pjaċir	5813
1080	staqsa	5809
1081	dixxipli	5797
1082	lir	5786
1083	tilef	5784
1084	micallef	5781
1085	media	5764
1086	iridu	5752
1087	kuraġġ	5745
1088	film	5734
1089	prezz	5731
1090	nagħtu	5725
1091	traffiku	5714
1092	festival	5713
1093	trasport	5711
1094	ħamrun	5708
1095	ħlief	5700
1096	jgħinu	5696
1097	ġermanja	5691
1098	michael	5687
1099	raba'	5687
1100	forma	5676
1101	ġrieħi	5676
1102	tagħkom	5675
1103	lesti	5672
1104	waqa'	5649
1105	ħadet	5649
1106	xandir	5644
1107	biha	5643
1108	baqgħu	5641
1109	united	5641
1110	toħroġ	5640
1111	ħlas	5628
1112	ġieli	5626
1113	studenti	5612
1114	suġġett	5611
1115	akkużi	5603
1116	riċerka	5601
1117	maġġoranza	5598
1118	żminijiet	5598
1119	proprju	5576
1120	partita	5572
1121	direzzjoni	5560
1122	idea	5559
1123	kulturali	5555
1124	uniku	5549
1125	f'għawdex	5547
1126	ilbieraħ	5546
1127	mhu	5546
1128	tħobb	5536
1129	rispett	5535
1130	jifhem	5532
1131	times	5519
1132	ilha	5516
1133	immigranti	5515
1134	plejer	5512
1135	missieru	5501
1136	sabu	5480
1137	gonzi	5475
1138	ommu	5469
1139	keith	5465
1140	simon	5460
1141	partijiet	5457
1142	minbarra	5456
1143	anzi	5451
1144	mard	5447
1145	vittmi	5438
1146	kumpaniji	5437
1147	ħarġet	5428
1148	mark	5420
1149	natura	5417
1150	setgħu	5401
1151	ħamis	5400
1152	banda	5389
1153	ħarġu	5373
1154	korruzzjoni	5365
1155	dokumenti	5364
1156	fuqhom	5361
1157	kumment	5358
1158	ħelsien	5356
1159	periklu	5348
1160	ħabib	5337
1161	passi	5329
1162	tmien	5328
1163	investigazzjonijiet	5327
1164	storja	5319
1165	riżultati	5317
1166	diskussjoni	5303
1167	b'xi	5303
1168	semma	5296
1169	kontroll	5296
1170	jmorru	5295
1171	minuti	5290
1172	kanzunetta	5289
1173	ġisem	5282
1174	bażi	5274
1175	jkollha	5271
1176	jistenna	5256
1177	aġenzija	5256
1178	kinux	5246
1179	kariga	5245
1180	tidher	5242
1181	investigazzjoni	5238
1182	debono	5238
1183	preżenza	5235
1184	gwida	5228
1185	m'għandniex	5225
1186	raġunijiet	5215
1187	karriera	5214
1188	xita	5212
1189	background	5201
1190	m'għandhomx	5196
1191	jċempel	5196
1192	pubbliċi	5192
1193	ċittadini	5190
1194	insista	5188
1195	klassi	5183
1196	tajbin	5183
1197	marbuta	5170
1198	attakk	5162
1199	poeżija	5150
1200	jasal	5149
1201	edizzjoni	5146
1202	sultan	5143
1203	siġra	5137
1204	prinċipali	5134
1205	rabat	5131
1206	dettalji	5127
1207	ħati	5126
1208	grazzja	5113
1209	regoli	5105
1210	per	5103
1211	impatt	5100
1212	gost	5098
1213	appostlu	5095
1214	fondazzjoni	5091
1215	differenza	5091
1216	tixtieq	5090
1217	voti	5085
1218	attard	5078
1219	cutajar	5072
1220	spanja	5071
1221	jgħaddu	5070
1222	stat	5069
1223	nitkellmu	5068
1224	żejt	5066
1225	tgħix	5039
1226	permess	5028
1227	ekonomiku	5022
1228	sempliċi	5020
1229	content	5020
1230	aqra	5018
1231	bin	5012
1232	bord	5010
1233	terġa'	5008
1234	iben	5005
1235	spjegat	5003
1236	lilna	5001
1237	jużaw	4998
1238	industrija	4996
1239	ħwejjeġ	4982
1240	passat	4976
1241	ilhom	4971
1242	dnub	4969
1243	naqbel	4968
1244	jaħseb	4968
1245	nsibu	4968
1246	club	4962
1247	koppja	4958
1248	jemmen	4949
1249	inkun	4945
1250	għolja	4943
1251	awwissu	4943
1252	negozji	4935
1253	franċiż	4929
1254	ġejja	4928
1255	jaħsel	4926
1256	disa'	4925
1257	fetaħ	4921
1258	ewlieni	4920
1259	no	4920
1260	ċentrali	4919
1261	fuqha	4913
1262	pazjenti	4912
1263	salib	4910
1264	jidhru	4908
1265	inħawi	4900
1266	rapporti	4899
1267	bdejt	4883
1268	ispettur	4877
1269	m'iniex	4872
1270	ewlenin	4867
1271	mezzi	4866
1272	tbatija	4864
1273	dalli	4864
1274	twassal	4863
1275	xewqa	4863
1276	ex	4860
1277	jinbidel	4859
1278	jiżfen	4856
1279	santu	4854
1280	iżomm	4850
1281	jingħad	4843
1282	pressjoni	4840
1283	tipprova	4832
1284	rata	4830
1285	leali	4821
1286	tantx	4819
1287	lhud	4817
1288	mimlija	4812
1289	iskop	4812
1290	għaqdiet	4786
1291	negozju	4781
1292	soltu	4780
1293	mexxejja	4780
1294	vantaġġ	4776
1295	surmast	4776
1296	att	4775
1297	arloġġ	4775
1298	għajn	4771
1299	nkun	4767
1300	jispjega	4762
1301	sid	4752
1302	jħalli	4751
1303	ħaddiem	4751
1304	lingwi	4746
1305	x'inhu	4738
1306	moħħ	4732
1307	luqa	4731
1308	kappella	4725
1309	ħarsa	4722
1310	atti	4721
1311	difiża	4713
1312	ras	4709
1313	qalli	4701
1314	plejers	4698
1315	spiċċat	4696
1316	għalik	4694
1317	taħseb	4690
1318	nitolbu	4686
1319	insibu	4681
1320	one	4681
1321	cassar	4679
1322	tagħrif	4678
1323	tfajla	4675
1324	sejjer	4674
1325	elettroniku	4671
1326	appell	4671
1327	data	4668
1328	taboola	4664
1329	parir	4663
1330	ambjentali	4658
1331	kompetizzjoni	4652
1332	jitkellmu	4651
1333	korp	4651
1334	social	4651
1335	spiċċaw	4639
1336	ħalla	4628
1337	arrestat	4621
1338	miljuni	4611
1339	ruħhom	4609
1340	sindku	4609
1341	lili	4608
1342	pożittiv	4606
1343	salm	4600
1344	provi	4597
1345	poter	4597
1346	xena	4594
1347	deputati	4592
1348	kummenti	4588
1349	għażel	4588
1350	fond	4585
1351	tibdil	4577
1352	naqra	4575
1353	tweġiba	4575
1354	baqgħet	4566
1355	jfisser	4565
1356	f'isem	4558
1357	gowl	4558
1358	istudju	4557
1359	gruppi	4557
1360	taxxa	4555
1361	bartolo	4548
1362	fatti	4542
1363	għamilt	4538
1364	kompliet	4538
1365	kunsilli	4530
1366	sfortunatament	4528
1367	kundizzjoni	4520
1368	ġranet	4519
1369	iskor	4514
1370	jixrob	4512
1371	marsa	4509
1372	lilek	4502
1373	mużikali	4491
1374	interessanti	4489
1375	prodotti	4484
1376	miftuħa	4480
1377	kriżi	4479
1378	bihom	4478
1379	b'rabta	4477
1380	uffiċjal	4473
1381	x'aktarx	4473
1382	studju	4470
1383	sħaħ	4466
1384	tgħaddi	4454
1385	ministri	4449
1386	nafx	4446
1387	evanġelju	4440
1388	riżorsi	4426
1389	valuri	4426
1390	iżrael	4426
1391	sodisfazzjon	4424
1392	re	4422
1393	ġlieda	4414
1394	kelliem	4411
1395	gatt	4410
1396	nifhmu	4408
1397	ikollna	4405
1398	awtur	4404
1399	qbil	4399
1400	prezzijiet	4399
1401	premju	4395
1402	wirt	4393
1403	f'idejn	4391
1404	soluzzjoni	4373
1405	kwalunkwe	4365
1406	martu	4361
1407	x'inhi	4358
1408	tobba	4357
1409	for	4345
1410	faqar	4344
1411	assoċjazzjoni	4335
1412	temm	4330
1413	esperti	4322
1414	mentali	4320
1415	iskema	4317
1416	jerġgħu	4313
1417	test	4312
1418	bieraħ	4309
1419	maħfra	4305
1420	sess	4303
1421	nofsinhar	4302
1422	f'nofs	4297
1423	moviment	4294
1424	internet	4294
1425	ħtieġa	4288
1426	spiteri	4281
1427	joffri	4270
1428	kaxxa	4265
1429	rat	4256
1430	mosta	4256
1431	minnufih	4252
1432	impenn	4241
1433	nistax	4230
1434	manchester	4226
1435	wassal	4225
1436	jkollok	4220
1437	maż	4212
1438	ippjanar	4212
1439	twemmin	4210
1440	patri	4208
1441	taw	4199
1442	għerf	4198
1443	jirbaħ	4193
1444	joqogħdu	4191
1445	għaż	4188
1446	jinkludu	4184
1447	waslu	4181
1448	xhud	4174
1449	dinjija	4169
1450	rajt	4167
1451	ċina	4157
1452	jemmnu	4150
1453	team	4144
1454	wp	4143
1455	organizzazzjoni	4141
1456	virus	4140
1457	isib	4139
1458	new	4136
1459	abbuż	4134
1460	mistoqsi	4134
1461	jinkludi	4129
1462	tikber	4129
1463	maria	4128
1464	ħobż	4125
1465	uploads	4118
1466	f'diversi	4117
1467	raw	4117
1468	titlu	4116
1469	toqgħod	4114
1470	prinċipji	4112
1471	prosekuzzjoni	4110
1472	avukati	4106
1473	ajru	4104
1474	kritika	4101
1475	qisu	4097
1476	bejniethom	4096
1477	item	4095
1478	dehra	4094
1479	ruħha	4091
1480	kuxjenza	4091
1481	divorzju	4087
1482	qalbu	4086
1483	titlob	4084
1484	pjazza	4083
1485	nieħu	4080
1486	sħabu	4078
1487	url	4071
1488	jintuża	4066
1489	missjoni	4062
1490	opinjoni	4061
1491	repeat	4058
1492	aċċess	4055
1493	tgħallimt	4053
1494	cdn	4053
1495	doubleslider	4052
1496	bqija	4051
1497	viżjoni	4048
1498	mnejn	4047
1499	ħażina	4045
1500	għoxrin	4044
1501	ħajjithom	4041
1502	qalbi	4039
1503	dokument	4036
1504	sensiela	4035
1505	on	4033
1506	programmi	4032
1507	fr	4032
1508	jaħsbu	4032
1509	talent	4030
1510	x'ħin	4027
1511	reliġjon	4025
1512	jintużaw	4023
1513	sidien	4018
1514	rwol	4012
1515	twil	4010
1516	portelli	4010
1517	jiltaqa'	4006
1518	ispettaklu	4001
1519	yorgen	3999
1520	inizjattiva	3996
1521	professur	3989
1522	kuntatt	3980
1523	mons	3977
1524	jason	3975
1525	effett	3973
1526	skura	3973
1527	pereżempju	3970
1528	x'se	3968
1529	sesswali	3965
1530	isfel	3962
1531	intervista	3957
1532	qormi	3949
1533	argument	3945
1534	twila	3934
1535	wied	3931
1536	awstralja	3929
1537	bejgħ	3928
1538	port	3926
1539	madanakollu	3922
1540	satana	3916
1541	jistgħux	3915
1542	kattolika	3910
1543	mort	3905
1544	jżomm	3903
1545	paga	3900
1546	impjieg	3897
1547	armata	3895
1548	daħlu	3893
1549	timijiet	3892
1550	proċeduri	3892
1551	mumenti	3891
1552	eżami	3889
1553	sejħa	3889
1554	kiseb	3884
1555	ommi	3879
1556	telfa	3878
1557	tkabbir	3876
1558	produzzjoni	3875
1559	distrett	3874
1560	sbieħ	3872
1561	miż	3870
1562	piż	3868
1563	isport	3857
1564	fakkar	3855
1565	qallu	3855
1566	tnaqqis	3847
1567	vettura	3846
1568	iskrittura	3845
1569	premier	3843
1570	jixtieq	3843
1571	kulma	3843
1572	żebbuġ	3840
1573	jsib	3839
1574	istituzzjonijiet	3839
1575	mitt	3831
1576	fearne	3831
1577	imtella'	3830
1578	individwi	3829
1579	nett	3827
1580	mhijiex	3824
1581	rajna	3824
1582	imorru	3820
1583	identità	3819
1584	tħares	3818
1585	istqarrija	3817
1586	riħ	3814
1587	sorsi	3811
1588	oriġinali	3803
1589	pace	3803
1590	finanzi	3803
1591	miftuħ	3796
1592	baġit	3794
1593	konrad	3785
1594	flok	3782
1595	infushom	3781
1596	prodott	3778
1597	ajruport	3778
1598	żewġt	3775
1599	news	3773
1600	kulleġġ	3773
1601	ladarba	3772
1602	time	3770
1603	sinjal	3769
1604	popolazzjoni	3766
1605	jkolli	3765
1606	aquilina	3765
1607	missieri	3761
1608	deheb	3760
1609	amministrazzjoni	3758
1610	kaċċa	3758
1611	mediterran	3756
1612	tkunx	3755
1613	normali	3755
1614	jitolbu	3750
1615	tenna	3746
1616	jispiċċa	3745
1617	rebħu	3743
1618	ridt	3740
1619	iebsa	3738
1620	nazzjonalisti	3738
1621	interessi	3734
1622	lilhom	3732
1623	relazzjonijiet	3732
1624	jiftakar	3732
1625	riforma	3732
1626	birkirkara	3729
1627	abort	3729
1628	marret	3724
1629	insara	3717
1630	naħdmu	3715
1631	fażi	3714
1632	applikazzjoni	3713
1633	tbissima	3713
1634	ħolqien	3710
1635	vassallo	3708
1636	forzi	3708
1637	letteratura	3703
1638	għaċ	3702
1639	twieled	3701
1640	bidliet	3699
1641	amerika	3694
1642	siġar	3694
1643	jitlef	3692
1644	merħba	3688
1645	viċi	3686
1646	qima	3684
1647	irrid	3682
1648	kowċ	3681
1649	allegatament	3677
1650	indipendenti	3676
1651	donnu	3672
1652	ilkoll	3672
1653	jwassal	3670
1654	individwu	3669
1655	fehma	3667
1656	ngħata	3667
1657	rrid	3663
1658	waslet	3662
1659	toffri	3658
1660	mediku	3657
1661	jgħidilna	3656
1662	nistgħux	3655
1663	english	3654
1664	kontijiet	3651
1665	zokkor	3648
1666	innifsu	3647
1667	kandidati	3647
1668	kristjana	3646
1669	jkomplu	3642
1670	jaslu	3641
1671	elezzjonijiet	3626
1672	għasafar	3624
1673	tilfu	3620
1674	ingħata	3620
1675	ideat	3616
1676	tintuża	3615
1677	qtates	3613
1678	arja	3609
1679	finanzjarji	3609
1680	meħtieġ	3607
1681	medja	3607
1682	ġużeppi	3606
1683	professjonali	3605
1684	liż	3603
1685	opportunitajiet	3602
1686	ulied	3602
1687	vaċċin	3599
1688	għadni	3594
1689	esperjenzi	3574
1690	b'din	3572
1691	qaddejja	3565
1692	taqra	3564
1693	materjal	3560
1694	innifsek	3560
1695	proprjetà	3554
1696	cta	3550
1697	ħajti	3548
1698	jistennew	3546
1699	f'dik	3546
1700	elf	3545
1701	jġib	3545
1702	jitlaq	3543
1703	ruħi	3538
1704	b'kollox	3537
1705	mimli	3530
1706	skorja	3528
1707	waqqaf	3528
1708	mary	3527
1709	more	3524
1710	karattru	3522
1711	klima	3520
1712	spazju	3517
1713	vanġelu	3517
1714	mijiet	3511
1715	għajnejn	3506
1716	kostruzzjoni	3506
1717	b'saħħtu	3503
1718	livelli	3503
1719	pożittivi	3501
1720	grima	3500
1721	attakki	3491
1722	nota	3491
1723	aspett	3489
1724	jkunux	3487
1725	lokalità	3484
1726	metru	3481
1727	mixja	3477
1728	kummerċ	3473
1729	xieraq	3473
1730	ħadem	3464
1731	jittieħdu	3458
1732	glorja	3454
1733	progress	3453
1734	thumbnails	3453
1735	privat	3449
1736	niftakar	3448
1737	ġnien	3448
1738	ħsibijiet	3446
1739	kwistjonijiet	3446
1740	ordna	3445
1741	għadna	3437
1742	marda	3435
1743	teknoloġija	3435
1744	eurovision	3434
1745	hinn	3431
1746	reliġjużi	3431
1747	turisti	3429
1748	tema	3428
1749	solidarjetà	3425
1750	għodda	3416
1751	ekonomika	3416
1752	impjegati	3415
1753	ii	3412
1754	amerikan	3411
1755	jispiċċaw	3411
1756	raġun	3410
1757	oqsma	3406
1758	ġeneru	3404
1759	issib	3403
1760	involut	3402
1761	jieqaf	3398
1762	ħarsien	3396
1763	radju	3395
1764	malli	3395
1765	memorja	3394
1766	xorb	3387
1767	ħamsa	3384
1768	komplew	3383
1769	evidenza	3383
1770	rekord	3381
1771	wiesgħa	3373
1772	jiekol	3370
1773	skola	3368
1774	kompletament	3365
1775	stajt	3364
1776	mintoff	3363
1777	darb'oħra	3361
1778	tasal	3360
1779	demokrazija	3359
1780	vaganza	3355
1781	ħanut	3354
1782	sostenibbli	3354
1783	kummerċjali	3353
1784	darbiet	3351
1785	ħżiena	3351
1786	lejh	3345
1787	nisimgħu	3345
1788	involuti	3345
1789	tħassib	3344
1790	online	3337
1791	ssib	3334
1792	telaq	3334
1793	mattew	3333
1794	kanċer	3333
1795	għen	3332
1796	mutur	3332
1797	dirett	3328
1798	bżonnijiet	3328
1799	naħsbu	3327
1800	ikomplu	3324
1801	anzjan	3322
1802	residenza	3321
1803	kandidat	3317
1804	lvant	3315
1805	lemin	3313
1806	attitudni	3306
1807	relatati	3305
1808	bilfors	3303
1809	ruma	3299
1810	direttament	3298
1811	twelid	3295
1812	reazzjoni	3294
1813	appostli	3288
1814	sala	3286
1815	saċerdot	3286
1816	player	3284
1817	net	3282
1818	bugeja	3279
1819	illegali	3279
1820	f'ħal	3278
1821	avveniment	3277
1822	nadifa	3277
1823	umana	3274
1824	isuq	3274
1825	setgħet	3264
1826	serji	3263
1827	daqstant	3261
1828	joħloq	3254
1829	apposta	3254
1830	air	3253
1831	sħana	3250
1832	lawrence	3248
1833	jiżdiedu	3248
1834	essenzjali	3246
1835	żvilupp	3244
1836	mira	3243
1837	twal	3241
1838	alternattiva	3241
1839	alġerija	3238
1840	nuru	3236
1841	x'kien	3235
1842	ibnu	3234
1843	twitter	3234
1844	f'każ	3234
1845	ee	3230
1846	mietu	3228
1847	tabilħaqq	3226
1848	jiġġieled	3226
1849	pl	3226
1850	isegwi	3225
1851	nfusna	3222
1852	ġab	3222
1853	tempju	3222
1854	sfida	3220
1855	anton	3219
1856	omelija	3219
1857	nibdew	3217
1858	serjetà	3217
1859	żiemel	3213
1860	madrid	3213
1861	akkużati	3211
1862	tħalli	3210
1863	ftuħ	3207
1864	b'dak	3204
1865	ġiljan	3199
1866	iswed	3199
1867	adam	3198
1868	klijenti	3198
1869	ħelu	3196
1870	jirriżulta	3196
1871	www	3190
1872	kant	3190
1873	traduzzjoni	3187
1874	riskju	3185
1875	stħarriġ	3184
1876	jiltaqgħu	3181
1877	max	3181
1878	ċert	3177
1879	rasu	3177
1880	ħażen	3177
1881	coronavirus	3176
1882	union	3170
1883	jattendu	3167
1884	wirja	3163
1885	għamilna	3163
1886	ovvjament	3163
1887	general	3160
1888	intern	3158
1889	konsultazzjoni	3158
1890	inkwiet	3157
1891	rringrazzja	3155
1892	knejjes	3153
1893	jibgħat	3151
1894	tabiba	3150
1895	teatru	3145
1896	isfidi	3145
1897	by	3143
1898	punent	3141
1899	diviżjoni	3137
1900	diffikultajiet	3134
1901	budget	3129
1902	komunikazzjoni	3123
1903	lejla	3119
1904	anthony	3119
1905	rakkont	3118
1906	seħħet	3112
1907	ħieles	3112
1908	b'saħħitha	3110
1909	wegħda	3110
1910	jilagħbu	3109
1911	sadanittant	3109
1912	gauci	3104
1913	militari	3104
1914	xuereb	3102
1915	żejtun	3101
1916	jixtiequ	3101
1917	kors	3099
1918	anġlu	3098
1919	joffru	3094
1920	jkanta	3092
1921	libja	3092
1922	ħwienet	3089
1923	jonqos	3089
1924	ġnus	3087
1925	infrastruttura	3087
1926	ilsien	3084
1927	laburisti	3082
1928	xellug	3080
1929	attiv	3079
1930	ġużepp	3078
1931	setax	3071
1932	kapitlu	3069
1933	jeżistu	3068
1934	vetturi	3068
1935	tela'	3067
1936	xtrajt	3063
1937	għawdxi	3062
1938	ballun	3058
1939	ajruplan	3058
1940	ingliżi	3057
1941	finanzjarja	3055
1942	biċ	3054
1943	ġurnalist	3053
1944	interessat	3051
1945	wettaq	3051
1946	uefa	3051
1947	kullimkien	3049
1948	dimech	3048
1949	umanità	3045
1950	unur	3045
1951	ismijiet	3044
1952	tisma'	3041
1953	f'daqqa	3040
1954	imexxi	3040
1955	immigrazzjoni	3037
1956	injam	3035
1957	qraba	3032
1958	ħassar	3029
1959	xitan	3028
1960	iżgħar	3027
1961	falzon	3026
1962	stefan	3023
1963	karta	3022
1964	city	3022
1965	ngħataw	3022
1966	ordnat	3022
1967	nifhem	3018
1968	tuża	3017
1969	iskart	3015
1970	effetti	3010
1971	abjad	3004
1972	f'san	3003
1973	biż	3002
1974	jingħaqad	2999
1975	baxx	2998
1976	appella	2997
1977	rebbieħa	2992
1978	ġurnalista	2988
1979	nemmnu	2986
1980	kuntest	2984
1981	ejjew	2984
1982	jħoss	2982
1983	sors	2980
1984	dinjità	2979
1985	edward	2979
1986	familjari	2977
1987	oġġetti	2976
1988	permanenti	2975
1989	kafè	2972
1990	tradizzjoni	2971
1991	darbtejn	2970
1992	lbieraħ	2969
1993	sas	2968
1994	jiftaħ	2965
1995	lukanda	2964
1996	vojt	2961
1997	tradizzjonali	2959
1998	elettriku	2958
1999	azzjonijiet	2955
2000	matthew	2954
2001	reġjun	2948
2002	ħasel	2948
2003	ġurnal	2945
2004	dwaru	2944
2005	tispiċċa	2943
2006	qalbna	2942
2007	saliba	2941
2008	liċenzja	2938
2009	artisti	2936
2010	afrika	2932
2011	suġġetti	2932
2012	rabta	2931
2013	miżżewweġ	2931
2014	tvm	2930
2015	barrani	2928
2016	ittri	2924
2017	kellux	2922
2018	sammut	2922
2019	daħħalt	2918
2020	ġrajjiet	2917
2021	magħquda	2915
2022	suldati	2912
2023	espressjoni	2911
2024	qabeż	2910
2025	miċ	2904
2026	bix	2902
2027	ħatra	2900
2028	ġrajja	2897
2029	istazzjon	2897
2030	joqtol	2896
2031	riħa	2894
2032	ġust	2894
2033	teżisti	2890
2034	qalilna	2890
2035	promozzjoni	2889
2036	idejn	2887
2037	intqal	2885
2038	nifs	2884
2039	aktarx	2884
2040	nazzjon	2883
2041	żball	2883
2042	dgħajsa	2883
2043	mellieħa	2883
2044	iħares	2880
2045	propju	2878
2046	t'isfel	2875
2047	qaddisin	2875
2048	ħajt	2875
2049	buttigieg	2874
2050	champions	2872
2051	dal	2869
2052	daħlet	2869
2053	allegat	2869
2054	riedu	2867
2055	għandux	2867
2056	kwiet	2866
2057	nstab	2865
2058	sejjaħ	2865
2059	għeluq	2862
2060	niftakru	2860
2061	whatsapp	2859
2062	adami	2857
2063	m'hemm	2853
2064	ġejt	2852
2065	nisrani	2852
2066	jagħtina	2851
2067	jikber	2851
2068	tkellmu	2850
2069	total	2850
2070	liedna	2850
2071	partitarji	2849
2072	restawr	2849
2073	varji	2846
2074	ian	2845
2075	ngħix	2845
2076	ċertifikat	2844
2077	riċenti	2843
2078	uġigħ	2841
2079	pariri	2838
2080	jifhmu	2838
2081	dibattitu	2838
2082	ħila	2836
2083	kelb	2836
2084	lokalitajiet	2833
2085	ammetta	2833
2086	jimxu	2832
2087	demokratika	2831
2088	nkomplu	2830
2089	inbid	2826
2090	iktebismek	2820
2091	elettronliku	2820
2092	corrett	2820
2093	tisgħek	2820
2094	nitgħallmu	2819
2095	magħmul	2818
2096	żoni	2818
2097	said	2818
2098	saqsieni	2817
2099	isibu	2815
2100	iwassal	2815
2101	qassis	2815
2102	ikollok	2808
2103	warajh	2806
2104	millie	2806
2105	sempliċement	2803
2106	djalogu	2801
2107	tieqaf	2801
2108	operazzjoni	2800
2109	drama	2799
2110	inc	2798
2111	sforz	2796
2112	sorijiet	2796
2113	saħqet	2795
2114	temp	2794
2115	prinċipju	2793
2116	majistax	2793
2117	diġitali	2792
2118	mosè	2792
2119	reat	2785
2120	chairman	2782
2121	kabinett	2782
2122	istitut	2781
2123	rappreżentanti	2780
2124	iħossu	2780
2125	balzan	2778
2126	bibien	2777
2127	analiżi	2771
2128	mallia	2771
2129	attur	2770
2130	forn	2767
2131	palazz	2761
2132	mogħtija	2759
2133	hemmx	2759
2134	naqas	2756
2135	magħmula	2753
2136	floriana	2749
2137	tort	2748
2138	jirċievu	2745
2139	indipendenza	2743
2140	sewwieq	2743
2141	group	2741
2142	speċi	2738
2143	fundamentali	2737
2144	binja	2737
2145	uża	2737
2146	offerta	2733
2147	jgħinna	2729
2148	regolamenti	2728
2149	tħabbar	2727
2150	jiżdied	2727
2151	kwadru	2726
2152	jean	2725
2153	ikkummenta	2725
2154	jixtri	2725
2155	sejrin	2719
2156	gass	2718
2157	abbozz	2717
2158	jħobbu	2716
2159	konsegwenzi	2714
2160	sostniet	2714
2161	iħallas	2714
2162	mejjet	2713
2163	uliedhom	2712
2164	partikulari	2709
2165	mindu	2709
2166	japprezza	2709
2167	subien	2708
2168	pożittiva	2707
2169	perit	2705
2170	profeta	2703
2171	f'dawk	2699
2172	fina	2698
2173	ġebel	2697
2174	morali	2696
2175	rigal	2696
2176	jipprovdi	2694
2177	mmur	2693
2178	noqogħdu	2690
2179	attwali	2689
2180	mudell	2687
2181	messaġġi	2687
2182	jieklu	2687
2183	reġgħu	2686
2184	għana	2684
2185	elett	2681
2186	mediċina	2681
2187	eventwalment	2680
2188	gideb	2679
2189	films	2678
2190	marbut	2678
2191	iebes	2678
2192	ħbiberija	2678
2193	kulur	2676
2194	b'diżabilità	2674
2195	entitajiet	2673
2196	storiku	2672
2197	riformi	2671
2198	fusion	2669
2199	link	2668
2200	student	2667
2201	aspetti	2667
2202	ċempel	2666
2203	diskussjonijiet	2665
2204	modi	2663
2205	alex	2663
2206	poeta	2659
2207	vuċi	2656
2208	nibqa'	2656
2209	mezz	2654
2210	istudji	2653
2211	ekonomiċi	2652
2212	linji	2651
2213	siġġu	2649
2214	leħen	2648
2215	nisranija	2648
2216	organizzata	2645
2217	football	2645
2218	ħaxix	2644
2219	inizjattivi	2641
2220	serju	2640
2221	rġiel	2637
2222	sagrifiċċju	2637
2223	torri	2636
2224	pubblikazzjoni	2635
2225	kruċjali	2634
2226	ħasil	2631
2227	ġġib	2631
2228	rabja	2631
2229	jitgħallmu	2630
2230	kittieba	2628
2231	qrati	2627
2232	ġappun	2623
2233	jpg	2620
2234	reġina	2618
2235	kisbu	2618
2236	sessjoni	2617
2237	ħadt	2616
2238	tressaq	2615
2239	tinkludi	2612
2240	jaħrab	2611
2241	numri	2611
2242	ħajjitna	2607
2243	mibegħda	2606
2244	aġġornata	2606
2245	emendi	2606
2246	armati	2603
2247	benefiċċji	2603
2248	iseħħ	2602
2249	ngħatat	2601
2250	istrateġija	2601
2251	vatikan	2599
2252	sodda	2597
2253	f'ħafna	2597
2254	lezzjonijiet	2595
2255	ispejjeż	2591
2256	sitwazzjonijiet	2591
2257	setturi	2590
2258	ngħinu	2590
2259	jistaqsi	2589
2260	salvazzjoni	2587
2261	qasir	2585
2262	ksur	2585
2263	poeżiji	2584
2264	sfidi	2581
2265	taljani	2580
2266	turkija	2575
2267	infurmat	2575
2268	dil	2573
2269	ħalib	2572
2270	jfissirx	2571
2271	barka	2570
2272	sliem	2569
2273	jsibu	2568
2274	temmen	2568
2275	itfal	2567
2276	somma	2564
2277	enemalta	2561
2278	tħoss	2559
2279	cachia	2559
2280	mixli	2559
2281	emil	2557
2282	instab	2556
2283	sħubija	2554
2284	iġib	2553
2285	passjoni	2552
2286	ibiddel	2549
2287	qam	2549
2288	ewlenija	2548
2289	sinjali	2548
2290	jitgħallem	2548
2291	niġu	2548
2292	isforzi	2543
2293	qalba	2539
2294	parrokkjali	2539
2295	ivan	2538
2296	disponibbli	2536
2297	żewġha	2533
2298	up	2531
2299	fija	2530
2300	appartament	2528
2301	sabet	2528
2302	faċċata	2526
2303	qaddisa	2526
2304	prattika	2525
2305	morda	2524
2306	annwali	2523
2307	ħares	2522
2308	jippruvaw	2520
2309	vulnerabbli	2520
2310	benefiċċju	2519
2311	ħaż	2517
2312	kappillan	2517
2313	klieb	2517
2314	allegazzjonijiet	2514
2315	taxxi	2511
2316	dikjarazzjoni	2510
2317	relatat	2509
2318	umani	2508
2319	tfajliet	2507
2320	ġlied	2506
2321	ċittadin	2503
2322	sportivi	2503
2323	pastorali	2502
2324	trump	2500
2325	dmir	2499
2326	kostituzzjoni	2496
2327	titjib	2496
2328	m'għandu	2495
2329	qablu	2492
2330	kittieb	2492
2331	mietet	2491
2332	ġeneralment	2491
2333	kostituzzjonali	2490
2334	ifittxu	2489
2335	ispanjol	2489
2336	finanzjarju	2488
2337	kunċert	2487
2338	self	2487
2339	jivvutaw	2487
2340	jagħżel	2485
2341	artikli	2485
2342	vapur	2485
2343	reġgħet	2484
2344	jiksbu	2482
2345	ċentri	2480
2346	influwenza	2479
2347	emerġenza	2477
2348	bagħat	2475
2349	waranofsinhar	2475
2350	segwaċi	2475
2351	tfittxija	2473
2352	eżerċizzju	2472
2353	jaqdu	2472
2354	qegħda	2471
2355	filmati	2470
2356	qasira	2469
2357	jisimgħu	2469
2358	dlam	2469
2359	qalbhom	2469
2360	mepa	2469
2361	fadal	2468
2362	peter	2466
2363	tiżdied	2464
2364	nimxu	2461
2365	arma	2461
2366	laħam	2460
2367	jagħżlu	2460
2368	russi	2460
2369	ħajr	2459
2370	bdiewa	2459
2371	jikseb	2458
2372	kontribut	2457
2373	skuża	2453
2374	labour	2453
2375	jħossu	2451
2376	jaqbel	2450
2377	rumani	2449
2378	jgħallem	2448
2379	cardona	2447
2380	tieġ	2447
2381	jafda	2447
2382	theuma	2446
2383	pjuttost	2443
2384	verżjoni	2440
2385	mużew	2438
2386	kannabis	2438
2387	ikla	2436
2388	gwu	2434
2389	normalment	2433
2390	kosta	2432
2391	victor	2432
2392	martin	2431
2393	f'alla	2430
2394	tgħallem	2430
2395	industrijali	2429
2396	istatwa	2429
2397	jżommu	2428
2398	magħmudija	2428
2399	enormi	2427
2400	lesta	2426
2401	kuntenti	2426
2402	imgħoddi	2425
2403	timxi	2423
2404	liverpool	2423
2405	naqraw	2422
2406	assistenza	2421
2407	ġerusalemm	2419
2408	tmienja	2418
2409	talbu	2417
2410	aġir	2416
2411	naturalment	2415
2412	anniversarju	2413
2413	morna	2411
2414	sofra	2410
2415	nistennew	2409
2416	partikolarment	2408
2417	logħbiet	2407
2418	istampa	2406
2419	mediċini	2405
2420	container	2405
2421	jħares	2403
2422	akkuża	2403
2423	scerri	2403
2424	weġġa'	2403
2425	referenza	2402
2426	negattiv	2400
2427	sempliċiment	2399
2428	elementi	2399
2429	ġebla	2398
2430	rebbieħ	2398
2431	aħmar	2398
2432	mercieca	2397
2433	window	2396
2434	primarja	2395
2435	serje	2395
2436	ċerta	2394
2437	inħobbok	2394
2438	bilanċ	2393
2439	iżommu	2393
2440	naxxar	2390
2441	immexxi	2389
2442	ċertament	2388
2443	jmexxi	2385
2444	impjiegi	2385
2445	televiżjoni	2379
2446	saċerdoti	2375
2447	limitu	2374
2448	ċelebrazzjoni	2373
2449	toqba	2373
2450	nerġgħu	2372
2451	x'inhuma	2371
2452	article	2370
2453	kunċett	2369
2454	serja	2369
2455	hena	2368
2456	meqjusa	2368
2457	ħielsa	2367
2458	meqjus	2367
2459	difensur	2366
2460	tqis	2365
2461	kuntrarju	2365
2462	organizzat	2364
2463	naħdem	2361
2464	nagħġa	2361
2465	kontx	2359
2466	gowls	2359
2467	ltaqa'	2356
2468	ġobon	2356
2469	below	2355
2470	kristjan	2354
2471	irriżulta	2351
2472	juventus	2351
2473	smewwiet	2346
2474	niltaqgħu	2345
2475	draw	2344
2476	forza	2343
2477	calleja	2341
2478	xewqat	2340
2479	artist	2337
2480	xarabank	2336
2481	kontinwament	2335
2482	kwalitajiet	2334
2483	gvernijiet	2334
2484	għelbu	2330
2485	jaqbdu	2328
2486	faċilitajiet	2327
2487	klassifika	2327
2488	parteċipazzjoni	2326
2489	umli	2326
2490	jindirizza	2325
2491	binha	2322
2492	kopja	2322
2493	umiltà	2321
2494	ġw	2320
2495	nerġa'	2318
2496	tistenna	2316
2497	jibża'	2315
2498	saqaf	2314
2499	sostanzjali	2312
2500	laħaq	2308
2501	tinbidel	2305
2502	jibni	2305
2503	twaqqaf	2305
2504	tixtri	2305
2505	wiegħed	2305
2506	materjali	2304
2507	jindika	2303
2508	iskwadra	2302
2509	transport	2300
2510	lm	2299
2511	ħolma	2298
2512	may	2298
2513	jaqta'	2296
2514	jumejn	2294
2515	polonja	2294
2516	mobile	2293
2517	jistudja	2291
2518	ħamra	2291
2519	xjenza	2291
2520	avvenimenti	2289
2521	preca	2287
2522	width	2287
2523	kliemu	2286
2524	medika	2284
2525	pazjent	2283
2526	istatistika	2283
2527	jeżisti	2283
2528	jsegwi	2283
2529	ktibt	2282
2530	ili	2282
2531	personalment	2281
2532	naħat	2281
2533	bajja	2280
2534	jaqa'	2280
2535	jwasslu	2279
2536	qoxra	2278
2537	apparat	2277
2538	milan	2277
2539	full	2276
2540	rari	2272
2541	qatel	2271
2542	tifhem	2270
2543	imwiet	2270
2544	bezzina	2270
2545	reati	2270
2546	professjonisti	2269
2547	totali	2268
2548	jilħaq	2267
2549	f'pajjiżi	2266
2550	nużaw	2265
2551	jinżamm	2264
2552	koppji	2264
2553	prijorità	2263
2554	attenti	2263
2555	miżura	2262
2556	f'post	2261
2557	jinġiebu	2261
2558	birgu	2260
2559	istil	2259
2560	greċja	2259
2561	silvio	2258
2562	ġabra	2257
2563	kitarra	2256
2564	owen	2251
2565	bc	2251
2566	jalla	2249
2567	f'idejh	2249
2568	jitla'	2249
2569	widna	2249
2570	dwarhom	2248
2571	taljana	2247
2572	ġenna	2247
2573	privati	2247
2574	ħelwa	2246
2575	temi	2245
2576	ċirkustanzi	2244
2577	armi	2244
2578	seraq	2244
2579	nagħti	2243
2580	ċerimonja	2243
2581	fergħa	2241
2582	rumanz	2240
2583	ħiliet	2240
2584	ismu	2239
2585	b'ħafna	2239
2586	siti	2238
2587	staġun	2238
2588	infatti	2238
2589	birżebbuġa	2238
2590	ħabbret	2238
2591	lagħab	2236
2592	x'qed	2234
2593	kuntent	2233
2594	globali	2232
2595	għoti	2230
2596	talbet	2229
2597	ħut	2220
2598	qalilhom	2214
2599	attivi	2211
2600	ninsabu	2211
2601	nazzjonijiet	2209
2602	miri	2209
2603	isfida	2205
2604	xibka	2204
2605	mejtin	2200
2606	regolari	2200
2607	ċifri	2200
2608	kompjuter	2199
2609	fatturi	2198
2610	xbieha	2198
2611	eżempji	2198
2612	don	2198
2613	eġittu	2197
2614	russu	2197
2615	tarf	2193
2616	paġni	2193
2617	operat	2193
2618	smajt	2193
2619	ċirkostanzi	2192
2620	nikteb	2191
2621	finalment	2190
2622	udjenza	2188
2623	mistrieħ	2188
2624	garanzija	2188
2625	fiżika	2186
2626	spirtu	2185
2627	tani	2185
2628	bdejna	2181
2629	wegħdi	2181
2630	jiġbor	2180
2631	fostna	2180
2632	preżent	2179
2633	x'jaqsam	2179
2634	qarrejja	2178
2635	ruħna	2177
2636	bajda	2177
2637	kċina	2176
2638	nuċċali	2174
2639	anġli	2172
2640	waqgħet	2171
2641	żurrieq	2170
2642	passiġġieri	2168
2643	isqfijiet	2168
2644	jisħaq	2167
2645	serq	2166
2646	kelliema	2165
2647	attakkant	2165
2648	komunitajiet	2161
2649	wasslet	2161
2650	testijiet	2161
2651	nħarsu	2159
2652	nirien	2159
2653	chelsea	2159
2654	wieġbu	2158
2655	james	2156
2656	inħoss	2155
2657	banek	2155
2658	daniel	2153
2659	miriam	2150
2660	october	2147
2661	tfittex	2145
2662	famuż	2143
2663	reliġjuża	2143
2664	patt	2143
2665	toħloq	2142
2666	trattament	2141
2667	sigur	2140
2668	jaqdi	2137
2669	onor	2136
2670	għażiż	2136
2671	karl	2134
2672	nstabu	2134
2673	adulti	2134
2674	karità	2133
2675	faċilità	2133
2676	seduta	2133
2677	twissija	2133
2678	biljun	2132
2679	amerikani	2131
2680	park	2130
2681	ugwaljanza	2130
2682	donazzjoni	2129
2683	xierqa	2128
2684	jixhed	2127
2685	tnax	2125
2686	isaija	2125
2687	sapport	2124
2688	bormla	2124
2689	waqaf	2123
2690	irlanda	2122
2691	għaqli	2122
2692	mexa	2120
2693	ingliża	2119
2694	sinjura	2119
2695	onestà	2118
2696	ħamsin	2116
2697	tali	2116
2698	narak	2114
2699	żdiedu	2111
2700	almenu	2110
2701	qagħda	2109
2702	fc	2109
2703	tittieħed	2107
2704	domanda	2102
2705	sqallija	2101
2706	twaqqif	2101
2707	fommu	2100
2708	inċidenti	2099
2709	paċenzja	2099
2710	lilha	2098
2711	nnota	2098
2712	xatt	2096
2713	irwol	2096
2714	propjetà	2096
2715	ideali	2093
2716	demokratiku	2093
2717	riskji	2092
2718	tramuntana	2091
2719	f'jannar	2090
2720	ħabbat	2089
2721	right	2087
2722	għalkollox	2086
2723	offra	2086
2724	presidenza	2086
2725	sentimenti	2084
2726	dehru	2084
2727	inhu	2084
2728	iħalli	2084
2729	istħarriġ	2084
2730	jilqa'	2083
2731	bħallikieku	2082
2732	xagħar	2081
2733	bliet	2080
2734	maħruġa	2079
2735	ġuħ	2077
2736	sport	2077
2737	ikollha	2075
2738	privata	2073
2739	żżewġet	2073
2740	tellieqa	2073
2741	twettaq	2072
2742	dalwaqt	2072
2743	ħajjitha	2071
2744	kenn	2071
2745	tagħmlu	2071
2746	qaddej	2070
2747	pizza	2068
2748	jingħaqdu	2066
2749	foqra	2065
2750	corp	2064
2751	ħarab	2063
2752	ġieħ	2063
2753	devozzjoni	2063
2754	quddiemu	2061
2755	għalliem	2061
2756	ġbir	2061
2757	sajd	2061
2758	kantanta	2059
2759	ġenerazzjoni	2059
2760	jiftħu	2059
2761	kitbet	2058
2762	nżommu	2058
2763	ħtiġijiet	2057
2764	mqaddsa	2057
2765	żamm	2056
2766	għażliet	2054
2767	tv	2051
2768	dixxiplina	2051
2769	iżraelin	2051
2770	important	2051
2771	ippubblikat	2050
2772	sistemi	2050
2773	ħatja	2048
2774	jissejjaħ	2047
2775	m'għandhiex	2046
2776	mejta	2046
2777	organizzazzjonijiet	2045
2778	santwarju	2045
2779	ħajjin	2044
2780	sejra	2043
2781	bonġu	2043
2782	ninsab	2043
2783	ġenn	2042
2784	wasslu	2042
2785	aħseb	2041
2786	jimpressjona	2041
2787	żagħżugħa	2039
2788	sirt	2039
2789	franġisk	2039
2790	joħolqu	2037
2791	zahra	2036
2792	international	2036
2793	ħallew	2036
2794	sat	2035
2795	istejjer	2035
2796	furjana	2035
2797	rasha	2035
2798	fetħu	2032
2799	nnifsi	2032
2800	jagħlaq	2031
2801	kamp	2030
2802	ispazju	2028
2803	kitbiet	2023
2804	antik	2022
2805	nitkellem	2021
2806	applikazzjonijiet	2021
2807	għaqal	2019
2808	restrizzjonijiet	2018
2809	każin	2017
2810	magħluqa	2016
2811	email	2015
2812	nuqqasijiet	2015
2813	blu	2013
2814	aġenda	2012
2815	skiet	2011
2816	nieqsa	2010
2817	jgħinek	2010
2818	xitwa	2009
2819	special	2009
2820	parteċipanti	2008
2821	uman	2006
2822	inter	2006
2823	seħħew	2005
2824	pjanijiet	2004
2825	lix	2003
2826	real	2003
2827	protesta	2002
2828	ivvutajt	2002
2829	bonello	2002
2830	dejn	2002
2831	marsaxlokk	2002
2832	jiddeċiedi	2000
2833	ċirkostanza	1999
2834	tkunu	1999
2835	rebħet	1999
2836	reali	1997
2837	sod	1997
2838	għeżież	1997
2839	tifħir	1996
2840	silta	1995
2841	qassisin	1995
2842	jaqbad	1994
2843	tipprovdi	1993
2844	jridx	1991
2845	ġermaniża	1991
2846	funeral	1991
2847	skużani	1991
2848	konsumatur	1991
2849	dwarha	1990
2850	jinġabru	1990
2851	tiftaħ	1988
2852	di	1986
2853	infurzar	1986
2854	tkellmet	1985
2855	domestika	1985
2856	ewkaristija	1985
2857	metsola	1985
2858	fjuri	1983
2859	strieħ	1983
2860	nagħaġ	1982
2861	casa	1981
2862	obbligu	1980
2863	divertiment	1978
2864	merkurju	1978
2865	intelliġenti	1977
2866	naslu	1976
2867	ħalliet	1976
2868	arrestati	1976
2869	kor	1976
2870	qdusija	1976
2871	kontinwu	1975
2872	pjanti	1974
2873	faraġ	1972
2874	inkomplu	1972
2875	kilometru	1972
2876	tarxien	1971
2877	persunali	1971
2878	pierre	1970
2879	palk	1967
2880	jixtru	1966
2881	avviż	1965
2882	brażil	1962
2883	kunvent	1961
2884	jirreferi	1960
2885	bażilika	1960
2886	panama	1959
2887	jgħidli	1958
2888	mistiedna	1957
2889	wikipedija	1957
2890	mmorru	1956
2891	blat	1955
2892	sbuħija	1954
2893	tilgħab	1951
2894	tah	1951
2895	sewwieqa	1951
2896	ommha	1950
2897	atleti	1950
2898	ħabiba	1948
2899	tifkira	1948
2900	jinsisti	1947
2901	jevita	1947
2902	dur	1946
2903	jitilqu	1945
2904	televixin	1945
2905	tletin	1944
2906	jiddependi	1944
2907	fik	1944
2908	irrabja	1944
2909	jinżammu	1943
2910	jirbħu	1942
2911	monsinjur	1942
2912	m'aħniex	1941
2913	żejda	1939
2914	mfa	1939
2915	apprezzament	1938
2916	żejjed	1938
2917	intenzjoni	1938
2918	introduzzjoni	1935
2919	qabar	1935
2920	approvazzjoni	1935
2921	tiekol	1935
2922	isptarijiet	1935
2923	diretta	1933
2924	tmexxi	1933
2925	maħsub	1932
2926	ħitan	1931
2927	jikbru	1930
2928	waħedha	1929
2929	fejqan	1929
2930	kardinal	1928
2931	liċ	1926
2932	f'ġunju	1926
2933	riżenja	1926
2934	theddida	1924
2935	ħass	1924
2936	stil	1923
2937	nnifisha	1922
2938	ħinijiet	1921
2939	artijiet	1921
2940	jiffoka	1921
2941	jsajjar	1921
2942	ifittex	1920
2943	spjegazzjoni	1918
2944	londra	1917
2945	ngħidlek	1917
2946	f'mejju	1916
2947	infermiera	1916
2948	bħalu	1916
2949	ġol	1916
2950	widen	1916
2951	għaġeb	1915
2952	katidral	1915
2953	għajjat	1914
2954	minni	1912
2955	mexxa	1911
2956	nibda	1910
2957	traġedja	1910
2958	degiorgio	1910
2959	prattiċi	1909
2960	foloz	1909
2961	jagħmilha	1907
2962	vancouver	1907
2963	kas	1906
2964	intervent	1906
2965	jseħħ	1906
2966	immedjatament	1906
2967	jaqsmu	1905
2968	smajna	1905
2969	noqgħod	1903
2970	telf	1903
2971	chetcuti	1903
2972	xiri	1903
2973	żiedet	1903
2974	antika	1902
2975	konklużjoni	1900
2976	rebbiegħa	1900
2977	kontrih	1900
2978	pittura	1899
2979	franco	1899
2980	ikrah	1897
2981	mandat	1897
2982	mmexxija	1896
2983	folla	1895
2984	għeruq	1895
2985	ħaruf	1894
2986	japplika	1893
2987	coleiro	1893
2988	ragħaj	1891
2989	terzi	1891
2990	era	1890
2991	inhi	1888
2992	jirċievi	1888
2993	mibnija	1886
2994	ħallieq	1886
2995	qalbek	1886
2996	itwal	1886
2997	maħbub	1886
2998	jipprovdu	1885
2999	cremona	1885
3000	jirtira	1885
3001	sinifikanti	1884
3002	victoria	1884
3003	riflessjoni	1883
3004	frank	1883
3005	ċkejken	1882
3006	irnexxielu	1882
3007	barcelona	1881
3008	attent	1880
3009	ġermaniż	1880
3010	miexi	1878
3011	versi	1877
3012	moderna	1874
3013	nilgħaq	1874
3014	ħtija	1872
3015	kevin	1872
3016	misteru	1871
3017	mozzjoni	1870
3018	org	1870
3019	titgħallem	1870
3020	negozjati	1870
3021	sitta	1870
3022	ispeaker	1870
3023	proverbji	1869
3024	gazzetti	1867
3025	tony	1867
3026	jwettaq	1866
3027	rivista	1866
3028	pakkett	1866
3029	ambulanza	1866
3030	salas	1866
3031	tħossok	1865
3032	ħutna	1865
3033	jiġru	1864
3034	olanda	1864
3035	miktuba	1863
3036	distanza	1863
3037	karnival	1863
3038	ħadmu	1862
3039	ttieħdu	1862
3040	nitlob	1862
3041	klabbs	1862
3042	miżżewweġa	1862
3043	tikteb	1861
3044	f'ottubru	1861
3045	pagi	1861
3046	nisma'	1860
3047	patrijiet	1860
3048	arsenal	1860
3049	kapaċità	1859
3050	jinsa	1858
3051	kaċċaturi	1858
3052	innota	1858
3053	massa	1857
3054	bniet	1856
3055	pussess	1856
3056	kera	1855
3057	tifsira	1855
3058	referendum	1855
3059	għalqa	1854
3060	f'inċident	1854
3061	qedem	1852
3062	faċilment	1850
3063	nw	1849
3064	andrew	1847
3065	element	1847
3066	rashom	1847
3067	tilfet	1846
3068	mikiel	1845
3069	jinstab	1845
3070	flixkun	1844
3071	lewis	1843
3072	interessati	1842
3073	żdied	1842
3074	talbiet	1841
3075	konvenzjoni	1841
3076	imdina	1841
3077	ċkejkna	1839
3078	louis	1839
3079	tefa'	1838
3080	qawmien	1837
3081	ħdax	1837
3082	skejjel	1837
3083	marco	1835
3084	għedewwa	1834
3085	imsida	1832
3086	ellul	1830
3087	ingħataw	1830
3088	medda	1829
3089	awditur	1829
3090	dam	1828
3091	ħuh	1827
3092	divina	1827
3093	tieqa	1826
3094	rridx	1825
3095	żabbar	1825
3096	jaqblu	1824
3097	jinnota	1824
3098	istituzzjoni	1823
3099	ipprova	1823
3100	midlukin	1822
3101	artifiċjali	1820
3102	animazzjoni	1820
3103	brian	1820
3104	jaċċetta	1819
3105	jiswa	1819
3106	ħlewwa	1818
3107	ħallas	1818
3108	aaron	1818
3109	madwarna	1817
3110	players	1816
3111	jattendi	1816
3112	formazzjoni	1816
3113	sezzjoni	1816
3114	karti	1815
3115	sekli	1815
3116	kriminalità	1815
3117	għotja	1815
3118	setgħux	1814
3119	rċieva	1813
3120	jonqsu	1812
3121	fehem	1811
3122	imputat	1811
3123	effettiv	1810
3124	sagrifiċċji	1809
3125	professjoni	1809
3126	disinn	1807
3127	f'settembru	1807
3128	york	1807
3129	inklużi	1806
3130	ċaħad	1806
3131	naqdu	1805
3132	kienux	1804
3133	trakk	1802
3134	miżżewġin	1802
3135	ċiniż	1801
3136	istandards	1801
3137	jferraħ	1801
3138	coach	1800
3139	qara	1799
3140	f'novembru	1799
3141	soluzzjonijiet	1798
3142	mistieden	1798
3143	istadju	1798
3144	abraham	1798
3145	niket	1797
3146	fisser	1797
3147	ryan	1797
3148	f'li	1797
3149	dsatax	1795
3150	serva	1795
3151	verġni	1794
3152	ħuti	1791
3153	amerikana	1790
3154	siġġiewi	1789
3155	insib	1789
3156	skop	1789
3157	jgawdu	1789
3158	sieħeb	1788
3159	kumplament	1788
3160	black	1788
3161	fuqna	1787
3162	ħassejt	1787
3163	indja	1787
3164	dinji	1786
3165	kellhomx	1786
3166	privileġġ	1784
3167	tafu	1783
3168	taħdita	1782
3169	iwettaq	1782
3170	x'nistgħu	1781
3171	niċċelebraw	1781
3172	xiex	1779
3173	kwarantina	1779
3174	qala	1777
3175	f'diċembru	1776
3176	curmi	1773
3177	qiegħ	1772
3178	inħossni	1772
3179	assassinju	1772
3180	korintin	1771
3181	għira	1770
3182	ċittadinanza	1770
3183	qabad	1769
3184	soda	1769
3185	kampjonati	1768
3186	lq	1768
3187	ġudizzju	1766
3188	dnubiet	1766
3189	kmamar	1762
3190	karattri	1761
3191	tilqa'	1760
3192	reliġjuż	1760
3193	potenzjal	1759
3194	jismu	1759
3195	b'dawn	1758
3196	jġibu	1758
3197	tiltaqa'	1757
3198	ħmistax	1755
3199	ġenb	1754
3200	trattat	1754
3201	kwart	1754
3202	b'aktar	1753
3203	diffikultà	1753
3204	stati	1753
3205	b'investiment	1751
3206	sciberras	1750
3207	rnexxielu	1750
3208	ġakbu	1749
3209	japplikaw	1749
3210	ffissat	1749
3211	sigriet	1748
3212	qafas	1748
3213	ġob	1748
3214	isfond	1747
3215	ċari	1747
3216	ħarġa	1746
3217	dehret	1746
3218	f'marzu	1746
3219	ħakma	1745
3220	jikkontrolla	1745
3221	putin	1745
3222	column	1744
3223	impressjoni	1743
3224	imħuħ	1742
3225	jżid	1741
3226	sekondarja	1740
3227	serata	1739
3228	kontenut	1739
3229	iwieġeb	1739
3230	għeleb	1738
3231	flex	1738
3232	individwali	1737
3233	anna	1737
3234	avolja	1734
3235	esprima	1734
3236	infurmata	1734
3237	bastiment	1732
3238	niżel	1731
3239	jolqot	1731
3240	urġenti	1731
3241	jinżel	1731
3242	serħan	1730
3243	oħt	1730
3244	xtaq	1730
3245	bqajt	1729
3246	jgħodd	1729
3247	termini	1727
3248	ħriġt	1727
3249	limiti	1726
3250	sagrament	1726
3251	telqu	1725
3252	padding	1725
3253	direttorat	1724
3254	missierna	1723
3255	fgura	1722
3256	association	1721
3257	proxxmu	1721
3258	anzjana	1721
3259	cup	1721
3260	konsegwenza	1719
3261	grawnd	1719
3262	prof	1718
3263	attendew	1718
3264	kodiċi	1718
3265	kurrenti	1718
3266	tissejjaħ	1717
3267	ħalaq	1716
3268	awturi	1715
3269	tispjega	1714
3270	isemmi	1713
3271	wiċċu	1713
3272	iddeċieda	1712
3273	integrità	1712
3274	jinbidlu	1711
3275	sunday	1711
3276	attiva	1711
3277	iżżomm	1710
3278	inbidel	1708
3279	ikkunsidra	1707
3280	sajjieda	1706
3281	triqtu	1706
3282	sintomi	1706
3283	preżentazzjoni	1705
3284	żżomm	1705
3285	manager	1705
3286	naqsu	1705
3287	jippreżenta	1703
3288	illejla	1703
3289	argumenti	1702
3290	x'ġara	1702
3291	mediċi	1701
3292	pullicino	1701
3293	jibbenefikaw	1701
3294	regolarment	1698
3295	ġuda	1698
3296	title	1698
3297	november	1697
3298	timotju	1697
3299	stampi	1696
3300	kuntratti	1696
3301	spara	1695
3302	aċċettabbli	1695
3303	antiki	1693
3304	b'saħħithom	1692
3305	studji	1692
3306	josserva	1690
3307	jittieħed	1690
3308	ġabet	1688
3309	jitfa'	1687
3310	copy	1687
3311	residenzjali	1686
3312	għoljin	1686
3313	kurja	1686
3314	rotta	1685
3315	ikolli	1685
3316	imġiba	1684
3317	song	1683
3318	fknk	1683
3319	magħkom	1682
3320	erwieħ	1682
3321	mogħti	1682
3322	onest	1681
3323	grieg	1680
3324	goal	1680
3325	jiffaċċjaw	1679
3326	nħobb	1678
3327	marie	1678
3328	donazzjonijiet	1676
3329	jaqgħu	1675
3330	nipprova	1675
3331	kumpens	1675
3332	jitilfu	1674
3333	liturġija	1674
3334	jinvolvi	1673
3335	missierha	1672
3336	ħruġ	1672
3337	delegazzjoni	1672
3338	traffikar	1672
3339	caritas	1672
3340	pbs	1672
3341	lok	1671
3342	stieden	1671
3343	ikkonferma	1669
3344	ukreni	1669
3345	pensjoni	1668
3346	jiċċelebra	1667
3347	protesti	1667
3348	permessi	1667
3349	ġirien	1664
3350	jilħqu	1664
3351	qerda	1663
3352	multa	1660
3353	world	1660
3354	priġunieri	1660
3355	purċissjoni	1659
3356	belġju	1659
3357	ġmiel	1657
3358	ġens	1657
3359	sieħba	1657
3360	oħti	1656
3361	eżistenti	1656
3362	fdalijiet	1656
3363	september	1656
3364	jagħraf	1654
3365	ray	1653
3366	ħeġġeġ	1652
3367	tħallas	1651
3368	direttiva	1650
3369	ħsarat	1649
3370	jikkonferma	1647
3371	reputazzjoni	1647
3372	wrew	1646
3373	ppubblikat	1646
3374	piena	1644
3375	jħallu	1642
3376	sptar	1642
3377	veri	1641
3378	ġilda	1640
3379	inħarsu	1640
3380	kollaborazzjoni	1639
3381	biljett	1638
3382	jixxandar	1638
3383	jivvjaġġa	1638
3384	tlugħ	1637
3385	beraħ	1635
3386	meħud	1635
3387	doża	1635
3388	quċċata	1634
3389	magħluq	1634
3390	nsara	1634
3391	emozzjonijiet	1632
3392	nieqes	1632
3393	bħas	1631
3394	ħoss	1629
3395	bov	1629
3396	dieħel	1628
3397	għażlu	1628
3398	hibernians	1628
3399	qalulna	1627
3400	kuluri	1626
3401	impjant	1626
3402	jfittxu	1626
3403	temperatura	1625
3404	euro	1625
3405	madwaru	1624
3406	christian	1624
3407	tilqima	1624
3408	refuġjati	1622
3409	għażiża	1622
3410	m'għandna	1620
3411	emenda	1620
3412	daqskemm	1618
3413	f'konferenza	1618
3414	figura	1617
3415	iħarsu	1617
3416	kastilja	1617
3417	għajr	1616
3418	tqila	1616
3419	possibbiltà	1614
3420	metodu	1612
3421	approvat	1611
3422	trabi	1608
3423	fa	1608
3424	perfett	1607
3425	jibnu	1606
3426	this	1605
3427	xehed	1605
3428	ġejna	1605
3429	mentalità	1604
3430	vizzju	1604
3431	reġjonali	1602
3432	f'żewġ	1601
3433	tiġrija	1600
3434	żerriegħa	1599
3435	korsijiet	1598
3436	gozo	1597
3437	dmugħ	1595
3438	wasla	1594
3439	għaxart	1594
3440	brincat	1593
3441	tilħaq	1593
3442	governanza	1593
3443	push	1593
3444	aċċetta	1592
3445	ħajtek	1592
3446	għaxqa	1591
3447	edukaturi	1590
3448	f'april	1589
3449	brussell	1589
3450	ġabu	1589
3451	f'pajjiż	1588
3452	power	1588
3453	massimu	1587
3454	ilbies	1587
3455	eżattament	1587
3456	żvelat	1587
3457	jħarsu	1586
3458	ħoloq	1586
3459	benedittu	1585
3460	ltd	1585
3461	jibki	1585
3462	kesħa	1584
3463	ommijiet	1583
3464	jiddiskuti	1582
3465	ambaxxata	1582
3466	xufier	1582
3467	presepju	1582
3468	ċelebrazzjonijiet	1581
3469	randan	1579
3470	ntqal	1578
3471	f'pożizzjoni	1578
3472	tiġri	1577
3473	etika	1577
3474	uffiċjalment	1576
3475	maratona	1576
3476	january	1576
3477	imsejħa	1575
3478	rużarju	1575
3479	moħbi	1575
3480	erbat	1575
3481	għamla	1574
3482	portugall	1574
3483	dedikazzjoni	1574
3484	villa	1573
3485	jafx	1573
3486	għalaq	1572
3487	martri	1572
3488	kkonferma	1569
3489	ilsna	1568
3490	kattoliċi	1568
3491	neċessarji	1567
3492	ġimagħtejn	1567
3493	jipparteċipaw	1565
3494	kantant	1564
3495	f'ruma	1563
3496	wissa	1563
3497	akkademja	1562
3498	nixtiequ	1562
3499	jistaqsu	1562
3500	minuri	1562
3501	privatezza	1562
3502	wednesday	1561
3503	xutt	1560
3504	kulmin	1558
3505	distakk	1555
3506	marbutin	1554
3507	fomm	1554
3508	rota	1553
3509	monument	1553
3510	stabbilit	1553
3511	popli	1553
3512	reqqa	1552
3513	forum	1551
3514	tnaqqas	1550
3515	pajjiżu	1550
3516	kollegi	1550
3517	muntanja	1549
3518	jħallas	1549
3519	antonio	1549
3520	tkellimna	1546
3521	carmelo	1546
3522	rriżulta	1546
3523	messija	1545
3524	jwieġeb	1545
3525	iddikjara	1545
3526	xtaqt	1544
3527	manuel	1542
3528	ruħek	1542
3529	ngħaddu	1542
3530	m'għandi	1542
3531	immigrant	1542
3532	elettorat	1541
3533	tlaqt	1541
3534	jiġbed	1541
3535	konxju	1540
3536	roberta	1539
3537	bomba	1538
3538	stephen	1537
3539	jirrifletti	1536
3540	attentat	1535
3541	stabbli	1534
3542	snien	1532
3543	mcast	1531
3544	tweġibiet	1531
3545	salvataġġ	1531
3546	għanja	1530
3547	jogħġob	1530
3548	f'lulju	1529
3549	votanti	1529
3550	drawwa	1529
3551	maħsuba	1528
3552	tipi	1526
3553	qiegħdin	1526
3554	ħeġġa	1525
3555	akkomodazzjoni	1525
3556	rrifjuta	1525
3557	biċċiet	1524
3558	ħabb	1524
3559	ftakar	1523
3560	xahrejn	1523
3561	tikseb	1522
3562	bandiera	1520
3563	nanna	1520
3564	qamar	1520
3565	nagħrfu	1519
3566	russa	1519
3567	battalja	1519
3568	għamilha	1518
3569	kawżi	1518
3570	ristorant	1518
3571	quddies	1518
3572	skart	1518
3573	wettqu	1517
3574	roti	1517
3575	kannella	1517
3576	tfakkar	1515
3577	salamun	1514
3578	daqsxejn	1513
3579	f'jum	1513
3580	dwejjaq	1512
3581	kkonfermat	1512
3582	ingħatat	1511
3583	sorpriża	1510
3584	kanada	1510
3585	sultana	1510
3586	tqala	1510
3587	white	1509
3588	mqabbel	1509
3589	billejl	1508
3590	ġenerazzjonijiet	1508
3591	dingli	1508
3592	taqa'	1507
3593	smigħ	1504
3594	reklam	1504
3595	pilatus	1504
3596	tinbena	1502
3597	dewmien	1502
3598	espert	1501
3599	kiser	1501
3600	saq	1501
3601	vjolenti	1500
3602	magna	1499
3603	għajnejh	1499
3604	fuqi	1498
3605	daħħal	1497
3606	sħab	1497
3607	jiddefendi	1497
3608	tislima	1497
3609	berlin	1496
3610	sirna	1496
3611	jitilgħu	1496
3612	july	1496
3613	iltaqa'	1495
3614	organizzati	1495
3615	maltemp	1495
3616	tmut	1494
3617	nirringrazzja	1494
3618	għexet	1494
3619	prinċep	1493
3620	qattus	1492
3621	kiri	1492
3622	orizzont	1491
3623	nesa	1490
3624	sportiv	1490
3625	mistħija	1490
3626	moħħu	1490
3627	jħallsu	1490
3628	għemejjel	1490
3629	ġuvintur	1489
3630	żmienna	1489
3631	kumpless	1488
3632	kobor	1488
3633	firda	1487
3634	storiċi	1486
3635	banju	1486
3636	proċedura	1484
3637	ġa	1483
3638	f'dar	1483
3639	inkarigu	1483
3640	imut	1483
3641	live	1482
3642	workers	1482
3643	daħla	1481
3644	poġġa	1481
3645	fetħet	1480
3646	ttieħed	1479
3647	ttieħdet	1479
3648	konvint	1478
3649	jpeg	1476
3650	mlp	1476
3651	magħrufin	1475
3652	clyde	1474
3653	regola	1472
3654	providenza	1472
3655	ġera	1471
3656	editur	1471
3657	f'postijiet	1471
3658	spiritwalment	1471
3659	attakka	1471
3660	karm	1470
3661	mina	1469
3662	qishom	1469
3663	trab	1469
3664	taħlita	1468
3665	franċiżi	1468
3666	qofol	1467
3667	għalxejn	1466
3668	rappreżentant	1465
3669	evidenti	1465
3670	eċċ	1464
3671	kavallieri	1464
3672	ħadid	1463
3673	steward	1462
3674	forom	1461
3675	jistqarr	1461
3676	ilni	1461
3677	mitlub	1461
3678	tiswa	1461
3679	spejjeż	1461
3680	march	1460
3681	titla'	1460
3682	strateġija	1460
3683	postu	1460
3684	ġuri	1460
3685	fniek	1459
3686	kellem	1458
3687	profezija	1458
3688	kontinwa	1457
3689	bikri	1456
3690	irħula	1456
3691	librerija	1455
3692	tgħidilna	1455
3693	ħaseb	1455
3694	ġurnaliżmu	1455
3695	spazji	1454
3696	qisha	1454
3697	serqa	1454
3698	barranija	1453
3699	frodi	1453
3700	iservi	1452
3701	inqatel	1452
3702	mhi	1451
3703	impossibbli	1451
3704	konsum	1451
3705	sett	1450
3706	delitt	1450
3707	stajtx	1449
3708	razziżmu	1449
3709	tiġbor	1448
3710	leave	1448
3711	drawwiet	1447
3712	maqsuma	1447
3713	gran	1446
3714	ħafif	1446
3715	fattur	1446
3716	niġi	1446
3717	fidwa	1446
3718	pont	1445
3719	oġġett	1445
3720	pietà	1445
3721	qarrej	1444
3722	dubji	1444
3723	mingħandu	1444
3724	opri	1444
3725	jitqies	1443
3726	edukattiv	1443
3727	ibatu	1443
3728	parkeġġ	1443
3729	nikkunsidraw	1443
3730	jservi	1442
3731	qgħad	1442
3732	august	1442
3733	contest	1442
3734	sms	1441
3735	rispettivament	1441
3736	taqbad	1440
3737	daqqiet	1440
3738	frendo	1439
3739	imiss	1439
3740	tilbes	1439
3741	determinat	1438
3742	t'għajn	1438
3743	cauchi	1437
3744	twettiq	1437
3745	summit	1437
3746	storika	1435
3747	imsejjaħ	1435
3748	rigali	1435
3749	konversazzjoni	1435
3750	tistgħu	1434
3751	diska	1434
3752	kwartieri	1434
3753	tabone	1434
3754	waqfien	1433
3755	jipproponi	1432
3756	da	1432
3757	għexieren	1432
3758	but	1431
3759	tisħiħ	1431
3760	kalendarju	1431
3761	jibżgħu	1431
3762	biden	1431
3763	tissaħħaħ	1430
3764	jaqsam	1430
3765	finanzjament	1430
3766	jissemma	1429
3767	f'ta'	1429
3768	korea	1428
3769	metri	1428
3770	assemblea	1427
3771	tinvestiga	1427
3772	qatta'	1426
3773	ilna	1426
3774	stadium	1426
3775	dgħajjes	1425
3776	tonio	1424
3777	twieldet	1422
3778	jirrappreżenta	1422
3779	sabar	1422
3780	għodu	1422
3781	kurt	1422
3782	jaċċettaw	1421
3783	sir	1421
3784	negattivi	1421
3785	nibnu	1421
3786	kerha	1421
3787	għajta	1420
3788	iħoss	1420
3789	taqta'	1420
3790	jiffurmaw	1419
3791	atmosfera	1419
3792	isofri	1419
3793	philip	1418
3794	june	1418
3795	lejha	1417
3796	gwerer	1417
3797	f'tas	1416
3798	ġusta	1416
3799	chairperson	1416
3800	metodi	1416
3801	bħali	1415
3802	djoċesi	1415
3803	propost	1414
3804	tipjip	1413
3805	mifhum	1413
3806	jirritorna	1412
3807	sikkina	1412
3808	semmew	1412
3809	erbgħin	1410
3810	ħolm	1410
3811	foundation	1409
3812	ġejjieni	1409
3813	federazzjoni	1409
3814	taqdi	1409
3815	marta	1409
3816	innovazzjoni	1408
3817	doppju	1408
3818	jirringrazzja	1407
3819	oriġinarjament	1406
3820	dawra	1405
3821	gudja	1405
3822	kanzunetti	1402
3823	klijent	1402
3824	taqbel	1401
3825	bejnietna	1400
3826	possibli	1400
3827	humiex	1399
3828	sirja	1399
3829	egrant	1399
3830	instabu	1399
3831	iġġib	1398
3832	f'hekk	1398
3833	jitħallew	1398
3834	nittama	1397
3835	xmara	1397
3836	b'żewġ	1397
3837	jaġixxi	1397
3838	that	1397
3839	magħżula	1395
3840	formula	1394
3841	trasparenza	1393
3842	next	1393
3843	oliver	1392
3844	skur	1392
3845	tagħraf	1391
3846	wasalna	1391
3847	theddid	1391
3848	konsumaturi	1390
3849	foresti	1390
3850	tarzna	1390
3851	jistudjaw	1389
3852	istaff	1389
3853	penalty	1389
3854	richard	1389
3855	ivf	1389
3856	sular	1388
3857	involviment	1388
3858	sewqan	1388
3859	torċa	1387
3860	venera	1386
3861	titlef	1386
3862	red	1386
3863	house	1385
3864	bibliċi	1385
3865	eqreb	1385
3866	isla	1385
3867	melħ	1383
3868	bażiċi	1382
3869	innoċenti	1382
3870	stadju	1382
3871	nixtri	1382
3872	ispiża	1382
3873	terminu	1381
3874	fehmiet	1381
3875	qlub	1381
3876	m'għandix	1381
3877	mm	1381
3878	telgħu	1379
3879	immedjat	1379
3880	iwasslu	1379
3881	idejh	1378
3882	jiddiskutu	1378
3883	ambaxxatur	1378
3884	tgħidx	1378
3885	sports	1378
3886	nixtru	1378
3887	staqsi	1378
3888	użat	1377
3889	fiżiku	1377
3890	gafà	1376
3891	jispara	1376
3892	determinazzjoni	1375
3893	damx	1375
3894	jaħkmu	1375
3895	manutenzjoni	1375
3896	imperu	1374
3897	thomas	1374
3898	offerti	1374
3899	xorti	1373
3900	titjira	1373
3901	b'liema	1372
3902	kokaina	1372
3903	jarahom	1371
3904	magħżul	1371
3905	kompetizzjonijiet	1371
3906	abbużi	1370
3907	ikkonfermat	1369
3908	t'għawdex	1369
3909	baxxa	1368
3910	stmat	1368
3911	jeħtieġu	1367
3912	tagħżel	1366
3913	far	1366
3914	awguri	1366
3915	jibqax	1366
3916	ukren	1366
3917	ittieħed	1365
3918	xagħra	1365
3919	indirizzata	1365
3920	moħbija	1364
3921	annimal	1364
3922	filosofija	1363
3923	jiżviluppaw	1363
3924	fama	1363
3925	fidda	1363
3926	monday	1363
3927	kontinent	1362
3928	irxoxt	1362
3929	tonqos	1361
3930	stabbiliti	1358
3931	ħadna	1358
3932	x'jista'	1358
3933	tirbaħ	1357
3934	ġenesi	1357
3935	jilqgħu	1356
3936	kisbet	1355
3937	jaqraw	1354
3938	skema	1354
3939	ġuvni	1354
3940	suldat	1354
3941	ħajjiet	1353
3942	binhom	1353
3943	faħħar	1353
3944	cini	1351
3945	għidt	1350
3946	effiċjenti	1350
3947	semgħu	1350
3948	pisani	1350
3949	votazzjoni	1350
3950	jirrakkonta	1349
3951	franċiża	1349
3952	jaqla'	1349
3953	libsa	1349
3954	żwiemel	1349
3955	arrigo	1349
3956	assistent	1348
3957	jivvota	1348
3958	vojta	1347
3959	dettall	1347
3960	kwalifikazzjoni	1347
3961	albert	1346
3962	aċċessibbli	1346
3963	tindif	1346
3964	jiġbru	1345
3965	bbażata	1345
3966	jgħidlu	1345
3967	minima	1344
3968	stqarret	1344
3969	business	1343
3970	probabbli	1343
3971	jiżbalja	1343
3972	kanta	1342
3973	konxji	1341
3974	uliedu	1341
3975	realtajiet	1340
3976	bilqiegħda	1340
3977	qali	1340
3978	font	1340
3979	sikwit	1339
3980	imġarr	1339
3981	perikoluż	1339
3982	frażi	1339
3983	swali	1339
3984	jinvesti	1339
3985	ħabbru	1339
3986	ibliet	1338
3987	noħorġu	1338
3988	puttinu	1338
3989	inflazzjoni	1338
3990	mitluba	1337
3991	qalbha	1336
3992	klassijiet	1335
3993	jibagħtu	1335
3994	araw	1335
3995	jobgħod	1335
3996	demokratiċi	1334
3997	plastik	1334
3998	għandkom	1333
3999	presidenzjali	1332
4000	volontarji	1332
4001	reġistru	1331
4002	tagħlaq	1330
4003	dell	1330
4004	opra	1330
4005	lealtà	1330
4006	iħossuhom	1330
4007	awstrija	1330
4008	niftaħ	1330
4009	federation	1330
4010	mamo	1329
4011	twieġeb	1329
4012	isegwu	1329
4013	tinżel	1329
4014	awla	1329
4015	kelmiet	1328
4016	jafux	1328
4017	iżid	1328
4018	personalità	1327
4019	miġbura	1327
4020	provvista	1327
4021	firxa	1326
4022	marid	1326
4023	felix	1326
4024	mewġa	1325
4025	jaħarbu	1325
4026	iħallsu	1324
4027	ajruplani	1323
4028	safi	1322
4029	maskra	1322
4030	tinżamm	1322
4031	brexit	1322
4032	tnedija	1321
4033	tridx	1321
4034	irtira	1321
4035	kunsilliera	1321
4036	attivisti	1320
4037	għawdxija	1320
4038	be	1320
4039	iġibu	1319
4040	iħaddem	1319
4041	falza	1318
4042	kburi	1318
4043	target	1318
4044	birdlife	1316
4045	imxija	1315
4046	staff	1314
4047	mut	1314
4048	territorju	1312
4049	nisel	1311
4050	vitali	1311
4051	sostnew	1311
4052	f'sitwazzjoni	1310
4053	nħallu	1310
4054	eżerċizzji	1310
4055	b'suċċess	1310
4056	nefqa	1310
4057	f'ċerti	1309
4058	jfittex	1309
4059	f'intervista	1309
4060	kullħadd	1309
4061	immexxija	1308
4062	uliedna	1308
4063	midinbin	1308
4064	board	1308
4065	noel	1307
4066	nidħlu	1307
4067	jsuq	1307
4068	terremot	1306
4069	għalissa	1306
4070	sofrew	1306
4071	jgħallmu	1305
4072	operaturi	1305
4073	psikjatra	1305
4074	igawdu	1305
4075	johnson	1305
4076	jagħtih	1304
4077	ordnijiet	1304
4078	ġelat	1304
4079	dilettanti	1303
4080	with	1303
4081	ninsew	1303
4082	mekkaniżmu	1303
4083	ressaq	1303
4084	mur	1302
4085	statistika	1302
4086	ali	1301
4087	gramma	1300
4088	assi	1300
4089	sustanza	1299
4090	tensjoni	1298
4091	lokal	1298
4092	kapijiet	1298
4093	jonathan	1297
4094	jieqfu	1297
4095	bambin	1296
4096	gowler	1295
4097	preċiża	1295
4098	barkiet	1295
4099	neqsin	1294
4100	vers	1293
4101	grad	1293
4102	nidħol	1293
4103	ġrieden	1293
4104	tilqim	1293
4105	memorabbli	1292
4106	swieqi	1291
4107	beppe	1291
4108	jsemmi	1290
4109	lejhom	1290
4110	dwana	1290
4111	m'alla	1290
4112	pariġi	1289
4113	tribunal	1289
4114	ċċertifikat	1289
4115	x'jaqsmu	1288
4116	jqatta'	1288
4117	alkoħol	1288
4118	mużiċist	1287
4119	bħalha	1287
4120	xtutna	1287
4121	invażjoni	1287
4122	deni	1287
4123	infakkar	1286
4124	kunsens	1286
4125	ġurija	1286
4126	impjegat	1286
4127	kunflitt	1285
4128	żviluppi	1285
4129	jiġġieldu	1285
4130	imħallfin	1285
4131	eżistenza	1284
4132	superjuri	1284
4133	jikkunsidra	1283
4134	misjuqa	1283
4135	darhom	1283
4136	mess	1282
4137	komdu	1282
4138	sittin	1281
4139	griega	1281
4140	previous	1281
4141	missjunarji	1280
4142	aġent	1279
4143	sħabi	1279
4144	universali	1278
4145	dejqa	1278
4146	riedet	1278
4147	carmel	1277
4148	ġuf	1277
4149	idi	1277
4150	jinstabu	1277
4151	nafux	1276
4152	jipprovaw	1276
4153	rakkomandazzjonijiet	1276
4154	t'april	1276
4155	funzjoni	1275
4156	kondotta	1275
4157	manifest	1274
4158	nsiru	1274
4159	nżul	1274
4160	jinstema'	1273
4161	turistiku	1273
4162	mifruxa	1273
4163	għanijiet	1273
4164	għandhomx	1272
4165	imġieba	1271
4166	possibilità	1271
4167	chief	1271
4168	thursday	1271
4169	bar	1270
4170	konklużjonijiet	1270
4171	fakultà	1270
4172	kordin	1270
4173	voluntiera	1269
4174	saħqu	1269
4175	appellat	1268
4176	mudlama	1267
4177	idur	1267
4178	inħobb	1267
4179	għatx	1267
4180	irrabjat	1267
4181	trasferiment	1266
4182	simbolu	1266
4183	naqset	1265
4184	żidiet	1265
4185	artal	1265
4186	emozzjonali	1264
4187	pubblikazzjonijiet	1263
4188	żraben	1263
4189	m'għadux	1263
4190	daru	1262
4191	deżert	1262
4192	maġisterjali	1262
4193	abbiltà	1262
4194	iwettqu	1261
4195	sinjur	1260
4196	goals	1259
4197	builder	1259
4198	allat	1258
4199	sanzjonijiet	1258
4200	jappella	1258
4201	f'għeluq	1257
4202	ungerija	1257
4203	eżamijiet	1257
4204	operazzjonijiet	1257
4205	żebbuġa	1257
4206	ħmieġ	1256
4207	okkażjonijiet	1255
4208	abbord	1255
4209	chircop	1254
4210	jagħlqu	1254
4211	assoluta	1254
4212	december	1253
4213	ferħan	1253
4214	tgħinna	1252
4215	ibigħ	1252
4216	falz	1252
4217	noti	1251
4218	ċajt	1251
4219	trobbija	1251
4220	tintemm	1251
4221	irċieva	1251
4222	passiġġier	1250
4223	tinstab	1250
4224	maġistrati	1250
4225	enfasizza	1250
4226	pollakka	1250
4227	jiddeċiedu	1249
4228	jifforma	1248
4229	kleru	1248
4230	memorji	1247
4231	jagħtihom	1247
4232	diskussi	1247
4233	responsabbiltajiet	1247
4234	baxxi	1247
4235	titjiriet	1247
4236	dħalt	1246
4237	lukandi	1245
4238	ħeles	1245
4239	pistola	1245
4240	petrol	1245
4241	niexef	1245
4242	jisimha	1244
4243	rebħ	1244
4244	qies	1244
4245	avventura	1243
4246	modern	1243
4247	qamħ	1243
4248	giovanni	1243
4249	william	1242
4250	toni	1242
4251	entità	1242
4252	heritage	1241
4253	provinċja	1241
4254	jinbena	1241
4255	razza	1241
4256	innu	1241
4257	miżżewġa	1239
4258	twaqqfet	1238
4259	nittamaw	1237
4260	ħasra	1237
4261	lhudi	1237
4262	aċċettat	1236
4263	titlaq	1236
4264	sapun	1236
4265	latin	1236
4266	liberali	1236
4267	telefon	1236
4268	normal	1236
4269	supretendent	1235
4270	jinħeba	1235
4271	iżżewweġ	1235
4272	goalkeeper	1235
4273	f'moħħu	1234
4274	edukattivi	1234
4275	iskandlu	1234
4276	qaltli	1233
4277	żżewweġ	1233
4278	rakkonti	1232
4279	f'ħajti	1232
4280	istedina	1231
4281	tluq	1231
4282	jħossuhom	1231
4283	life	1231
4284	saqajn	1231
4285	f'dinja	1230
4286	tentazzjoni	1230
4287	semgħet	1230
4288	persekuzzjoni	1229
4289	tnaddaf	1229
4290	herrera	1229
4291	ħutu	1228
4292	saint	1228
4293	segwit	1228
4294	ibati	1228
4295	station	1227
4296	jersaq	1227
4297	fund	1226
4298	jsegwu	1226
4299	ċemplet	1226
4300	jerfa'	1226
4301	jwettqu	1225
4302	x'hemm	1225
4303	bidwi	1223
4304	tumas	1223
4305	ħamrija	1222
4306	jintlaħaq	1222
4307	funerali	1222
4308	ġrat	1221
4309	prosit	1221
4310	sploda	1221
4311	edwin	1221
4312	rawnd	1220
4313	ngħidilkom	1219
4314	skemi	1219
4315	jiktbu	1218
4316	ħadmet	1218
4317	testment	1218
4318	jesprimi	1217
4319	ngos	1217
4320	xeni	1215
4321	jżuru	1215
4322	tradizzjonijiet	1215
4323	ferħanin	1215
4324	kburija	1214
4325	ippridkar	1214
4326	ġest	1213
4327	teknika	1212
4328	ibni	1212
4329	maltese	1211
4330	jitħallsu	1211
4331	fortuna	1211
4332	donald	1211
4333	jagħmilx	1210
4334	atturi	1210
4335	ppreżentat	1210
4336	infrastructure	1210
4337	riedx	1209
4338	profeti	1208
4339	jassigura	1208
4340	lgħabt	1207
4341	maħmuġa	1207
4342	nippruvaw	1207
4343	figuri	1207
4344	ħassu	1207
4345	zalza	1207
4346	varjant	1207
4347	drive	1206
4348	immorru	1206
4349	manwel	1206
4350	b'diversi	1206
4351	type	1206
4352	deċiż	1206
4353	laħqu	1205
4354	rivelazzjoni	1205
4355	perijodu	1204
4356	jirrappreżentaw	1204
4357	wistin	1204
4358	kumpilazzjoni	1204
4359	taħditiet	1203
4360	eva	1202
4361	prijoritajiet	1202
4362	ħatar	1202
4363	jgawdi	1201
4364	qawwiet	1201
4365	infern	1201
4366	għanjiet	1201
4367	qrajt	1200
4368	leħja	1200
4369	parroċċi	1199
4370	preżentatur	1199
4371	ritorn	1198
4372	mangion	1198
4373	briffa	1197
4374	kollettiv	1197
4375	telefonata	1197
4376	jersqu	1197
4377	vann	1197
4378	mode	1196
4379	tiddeċiedi	1195
4380	fqir	1195
4381	ġurnali	1195
4382	tixrid	1194
4383	jinvestiga	1194
4384	konsistenti	1193
4385	appuntament	1193
4386	tistaqsi	1192
4387	miġnun	1192
4388	implimentazzjoni	1192
4389	mkien	1191
4390	waħedhom	1191
4391	interna	1190
4392	jippermetti	1190
4393	temmet	1190
4394	t'ottubru	1189
4395	nfisha	1189
4396	jnaqqas	1189
4397	imqar	1189
4398	qaluli	1189
4399	entużjażmu	1188
4400	open	1188
4401	aw	1188
4402	sidna	1188
4403	miguela	1188
4404	management	1187
4405	kriterji	1187
4406	kontroversja	1187
4407	protetti	1187
4408	jbatu	1186
4409	tvmnews	1186
4410	jipproteġi	1185
4411	segwi	1185
4412	ħġieġ	1184
4413	andrea	1184
4414	nadur	1184
4415	direttivi	1184
4416	karatteristiċi	1183
4417	speċifiċi	1183
4418	ed	1183
4419	aħrax	1182
4420	warajhom	1181
4421	jinħass	1181
4422	sittax	1180
4423	qagħad	1180
4424	nħoss	1180
4425	saqajh	1180
4426	super	1180
4427	placement	1180
4428	f'moħħi	1179
4429	care	1179
4430	paris	1178
4431	ġusti	1178
4432	ħallini	1177
4433	istilel	1177
4434	mexjin	1176
4435	kaptan	1176
4436	pjanta	1176
4437	kulturi	1175
4438	drogi	1175
4439	luke	1174
4440	jiċħad	1174
4441	ġemgħa	1174
4442	jridux	1173
4443	francesco	1173
4444	miġjuba	1173
4445	jirriflettu	1172
4446	sagħtejn	1172
4447	kexxun	1172
4448	laqgħet	1172
4449	maħtur	1171
4450	posted	1171
4451	fkieren	1171
4452	djarhom	1170
4453	sebgħin	1170
4454	qata'	1170
4455	liberu	1170
4456	blog	1170
4457	jaqbeż	1169
4458	kwarti	1169
4459	xagħru	1169
4460	estensjoni	1169
4461	nukleari	1169
4462	ġenitur	1169
4463	tuesday	1169
4464	ħlejjaq	1168
4465	taqsam	1168
4466	diskuss	1168
4467	fiau	1168
4468	tibni	1167
4469	teorija	1167
4470	ilsir	1167
4471	stupra	1167
4472	eċċellenti	1166
4473	jiċċelebraw	1166
4474	tafx	1166
4475	jurina	1165
4476	niltaqa'	1164
4477	pajjiżhom	1164
4478	pendenti	1164
4479	atleta	1164
4480	qligħ	1163
4481	istruttura	1163
4482	tgħidli	1162
4483	junior	1162
4484	musulmana	1162
4485	nixorbu	1162
4486	jitfgħu	1162
4487	ngo	1162
4488	ħsejjes	1161
4489	isostni	1161
4490	f'ħajjitna	1161
4491	f'waħda	1161
4492	b'risq	1161
4493	jqarraq	1161
4494	xenarju	1160
4495	effettiva	1160
4496	inġustizzja	1160
4497	slaten	1160
4498	jirriżenja	1160
4499	kantanti	1160
4500	divertenti	1159
4501	taċċetta	1159
4502	iħallu	1158
4503	ċimiterju	1158
4504	kiel	1158
4505	book	1157
4506	ibħra	1156
4507	arnaud	1156
4508	nevitaw	1155
4509	silenzju	1155
4510	tridu	1155
4511	muntanji	1155
4512	f'riskju	1155
4513	ntilef	1155
4514	ansjetà	1154
4515	żdiedet	1154
4516	pubblikament	1154
4517	suwiċidju	1153
4518	fenomenu	1153
4519	jgħinuna	1153
4520	ifakkar	1153
4521	dixxendenza	1153
4522	nstabet	1153
4523	silġ	1152
4524	wiċċhom	1152
4525	eddie	1152
4526	norqdu	1152
4527	alternating	1152
4528	tagħmilx	1151
4529	mimlijin	1151
4530	reviżjoni	1151
4531	jinżlu	1151
4532	episodju	1151
4533	prestazzjoni	1151
4534	avversarji	1151
4535	wild	1150
4536	żbaljat	1150
4537	reġistrazzjoni	1150
4538	jaħsad	1150
4539	waħdi	1149
4540	edukattiva	1149
4541	sħabhom	1149
4542	ġudikatura	1149
4543	żmienu	1148
4544	sekondi	1148
4545	qtugħ	1147
4546	b'qalb	1146
4547	jevitaw	1146
4548	jinħoloq	1146
4549	rnexxielhom	1146
4550	ġeremija	1146
4551	vapuri	1145
4552	fiżikament	1145
4553	button	1145
4554	carmen	1144
4555	f'awwissu	1144
4556	x'kienet	1144
4557	fiera	1144
4558	urew	1144
4559	biljetti	1143
4560	konferma	1143
4561	ħsibt	1143
4562	out	1143
4563	free	1143
4564	poeti	1142
4565	ħjiel	1142
4566	uniċi	1142
4567	tressqu	1142
4568	limitat	1141
4569	nistenna	1141
4570	wieqfa	1141
4571	nħobbu	1141
4572	diretturi	1141
4573	robin	1141
4574	midfielder	1141
4575	nobbli	1140
4576	nannu	1139
4577	lezzjoni	1139
4578	stajna	1139
4579	hunting	1139
4580	ċereali	1138
4581	enċiklopedija	1138
4582	neċessarju	1138
4583	km	1138
4584	setgħetx	1138
4585	mentri	1138
4586	qalilha	1138
4587	tendenza	1137
4588	tirreferi	1137
4589	bintha	1137
4590	differenzi	1136
4591	minnek	1136
4592	maċ	1135
4593	unjin	1135
4594	dari	1134
4595	ruman	1134
4596	ħad	1134
4597	għarus	1133
4598	midalja	1133
4599	ubbidjenza	1133
4600	pensjonanti	1132
4601	tbati	1132
4602	artistiku	1131
4603	tneħħija	1131
4604	miraklu	1131
4605	merħla	1131
4606	arċipriet	1131
4607	modest	1131
4608	tottenham	1131
4609	jibdel	1130
4610	lilkom	1130
4611	wlied	1130
4612	inklużjoni	1130
4613	evarist	1129
4614	naħsibx	1129
4615	jiffirma	1129
4616	fundatur	1129
4617	uċuħ	1128
4618	community	1128
4619	volontarjat	1128
4620	għenu	1128
4621	moħħi	1128
4622	tagħmir	1128
4623	rati	1127
4624	separati	1126
4625	semifinali	1126
4626	iżbalji	1125
4627	niksbu	1125
4628	kellek	1125
4629	kantina	1125
4630	clubs	1125
4631	kmandamenti	1125
4632	kasu	1125
4633	referee	1124
4634	fruntieri	1124
4635	centre	1124
4636	f'ħajtu	1123
4637	psaila	1123
4638	fruntiera	1123
4639	ħasbu	1123
4640	ivvjaġġar	1123
4641	kitbu	1122
4642	konsulent	1122
4643	diżastru	1122
4644	spanjol	1121
4645	sabha	1121
4646	ġiex	1121
4647	abbanduna	1120
4648	salvati	1120
4649	utli	1119
4650	ħallelin	1119
4651	el	1119
4652	graffitti	1119
4653	kongregazzjonijiet	1119
4654	melvin	1119
4655	sseħħ	1118
4656	vjaġġi	1118
4657	jeqred	1118
4658	segretarjat	1117
4659	fqar	1117
4660	negozjanti	1117
4661	tella'	1117
4662	f'londra	1117
4663	sparixxa	1117
4664	beka	1117
4665	conservation	1117
4666	jidħaq	1116
4667	nifhimx	1116
4668	ħiereġ	1116
4669	montebello	1116
4670	ilmenti	1116
4671	vat	1116
4672	kolazzjon	1116
4673	display	1116
4674	tirrifletti	1115
4675	ingwanti	1115
4676	katavru	1115
4677	skrollja	1115
4678	xogħolhom	1114
4679	żfin	1114
4680	opinjonijiet	1114
4681	gvernatur	1114
4682	marsaskala	1114
4683	jagħrfu	1113
4684	kategoriji	1113
4685	luċija	1112
4686	ħassejtni	1112
4687	interni	1112
4688	musulman	1112
4689	fifa	1112
4690	prominenti	1111
4691	koperazzjoni	1111
4692	ponta	1110
4693	korporazzjoni	1110
4694	blata	1110
4695	part	1110
4696	who	1110
4697	niddiskutu	1109
4698	ddeċieda	1109
4699	ipejjep	1109
4700	addizzjonali	1109
4701	tiela'	1108
4702	mmexxi	1108
4703	jaqbilx	1108
4704	kooperazzjoni	1108
4705	pjattaforma	1107
4706	sewwasew	1107
4707	għasel	1107
4708	multi	1107
4709	passatempi	1107
4710	suċċessi	1106
4711	rikonoxximent	1106
4712	kalkara	1106
4713	cuschieri	1106
4714	bayern	1106
4715	delegati	1105
4716	f'liema	1105
4717	ċipru	1105
4718	ħwejġu	1105
4719	stabbilita	1104
4720	bint	1104
4721	clint	1104
4722	każini	1104
4723	ombudsman	1104
4724	tariffi	1104
4725	bjorn	1104
4726	mep	1103
4727	probabbilment	1101
4728	reġistrati	1101
4729	interpretazzjoni	1100
4730	destinazzjoni	1099
4731	profil	1099
4732	bg	1099
4733	teoloġija	1098
4734	tekniċi	1098
4735	imsemmija	1098
4736	żammew	1098
4737	qawra	1098
4738	f'idejhom	1097
4739	warajha	1097
4740	sewda	1097
4741	ben	1097
4742	jixhdu	1097
4743	jiffirmaw	1097
4744	jaqilgħu	1096
4745	taraġ	1096
4746	inżommu	1096
4747	ristoranti	1096
4748	teżor	1095
4749	pepe	1095
4750	arġentina	1095
4751	iżur	1094
4752	assedju	1093
4753	tinħass	1092
4754	obbligi	1092
4755	jilbsu	1092
4756	ordnalu	1092
4757	togħma	1091
4758	jissejħu	1091
4759	għelieqi	1091
4760	investimenti	1091
4761	messiku	1091
4762	jiddeskrivi	1090
4763	jittama	1090
4764	għaxaq	1090
4765	raqad	1089
4766	sinjuri	1088
4767	missjunarju	1088
4768	bena	1088
4769	totalment	1088
4770	jarani	1087
4771	ħfief	1086
4772	jgħaqqad	1086
4773	jiffaċċja	1086
4774	hand	1086
4775	kilwa	1086
4776	ddikjara	1086
4777	rabtiet	1085
4778	attriċi	1085
4779	jmut	1084
4780	noffru	1084
4781	riċerkaturi	1084
4782	jsaħħaħ	1084
4783	bajd	1084
4784	dramm	1083
4785	nistaqsu	1083
4786	f'dal	1082
4787	swieq	1082
4788	tbatijiet	1081
4789	tpoġġi	1081
4790	minnkom	1080
4791	dixxiplu	1080
4792	tibqax	1079
4793	għedt	1079
4794	sieq	1079
4795	sekonda	1078
4796	seminarju	1078
4797	nafha	1078
4798	rokna	1078
4799	uliedek	1078
4800	jirrilassa	1078
4801	vince	1077
4802	talenti	1077
4803	spartans	1077
4804	nispera	1076
4805	mibni	1076
4806	gwardarobba	1076
4807	ispeċi	1076
4808	rqiq	1076
4809	torganizza	1075
4810	sodi	1075
4811	maltatoday	1075
4812	diskriminazzjoni	1075
4813	xows	1075
4814	milquta	1074
4815	magħqudin	1073
4816	x'jiġri	1073
4817	kiber	1072
4818	jgħidlek	1072
4819	sospiżi	1072
4820	żvela	1072
4821	għereq	1072
4822	friggieri	1071
4823	diżgustanti	1071
4824	maħbuba	1071
4825	rjali	1070
4826	tiġdid	1070
4827	m'għandekx	1070
4828	kalzetti	1070
4829	eroj	1069
4830	siltiet	1069
4831	għoġobni	1069
4832	qajjem	1069
4833	serie	1069
4834	services	1068
4835	jikkonsisti	1068
4836	electrogas	1068
4837	xorob	1068
4838	razzett	1067
4839	frisk	1067
4840	ħsiebu	1067
4841	b'referenza	1066
4842	ġurament	1066
4843	varjetà	1065
4844	jorganizza	1065
4845	istrutturi	1065
4846	teħtieġ	1065
4847	virtwali	1065
4848	destin	1064
4849	formosa	1064
4850	semi	1064
4851	fedeltà	1064
4852	independent	1064
4853	appartamenti	1063
4854	reġjuni	1063
4855	nistaqsi	1062
4856	jinvolvu	1062
4857	ċaħdet	1062
4858	assolutament	1060
4859	francis	1060
4860	jistad	1060
4861	tapplika	1059
4862	mingħandha	1059
4863	mertu	1059
4864	ipprovajt	1059
4865	tirrappreżenta	1058
4866	ġermaniżi	1058
4867	għalikom	1058
4868	green	1058
4869	diskorsi	1056
4870	messikan	1056
4871	sibna	1055
4872	tagħmilha	1054
4873	f'wied	1054
4874	dgħajfa	1054
4875	soru	1054
4876	imsieħba	1054
4877	tpejjep	1054
4878	kburin	1054
4879	ħolom	1054
4880	msemmija	1053
4881	kaġun	1053
4882	tbissem	1053
4883	ritmu	1052
4884	zerafa	1052
4885	rridux	1052
4886	jżur	1052
4887	tiżviluppa	1052
4888	nkunux	1052
4889	injorant	1052
4890	ilment	1052
4891	public	1051
4892	tqum	1051
4893	f'ħin	1051
4894	kilt	1051
4895	konċilju	1051
4896	jesprimu	1050
4897	preċedent	1050
4898	bies	1050
4899	austin	1050
4900	maqjel	1049
4901	għaraf	1049
4902	indikazzjoni	1049
4903	f'ambjent	1049
4904	rispettivi	1049
4905	claudio	1049
4906	esperanto	1049
4907	intelliġenza	1048
4908	damet	1048
4909	jgħajjat	1048
4910	roderick	1048
4911	b'tali	1047
4912	mingħandek	1047
4913	xvi	1047
4914	terapista	1047
4915	tiftakar	1046
4916	insiru	1046
4917	iħobbu	1046
4918	sospiża	1046
4919	favoriti	1046
4920	joperaw	1046
4921	univers	1045
4922	imkien	1045
4923	orkestra	1045
4924	jinforma	1045
4925	divin	1045
4926	wriet	1045
4927	biswit	1044
4928	staqsiet	1043
4929	piju	1043
4930	filfatt	1043
4931	kollezzjoni	1043
4932	refalo	1043
4933	jinten	1042
4934	xewkija	1042
4935	semitika	1041
4936	fakkret	1041
4937	jittratta	1040
4938	karmenu	1040
4939	kirjiet	1040
4940	nfittxu	1039
4941	european	1038
4942	party	1038
4943	ispirazzjoni	1037
4944	battista	1037
4945	tinkludix	1037
4946	kejkijiet	1036
4947	f'ħaż	1035
4948	nieda	1035
4949	xtrajna	1034
4950	kottonera	1034
4951	topera	1034
4952	taffaxxinah	1034
4953	clayton	1033
4954	siġġijiet	1033
4955	vitals	1033
4956	imperatur	1032
4957	kroazja	1032
4958	sirens	1032
4959	noħolqu	1031
4960	formali	1031
4961	żobb	1031
4962	arċidjoċesi	1031
4963	b'xutt	1031
4964	żżid	1030
4965	gidba	1030
4966	tinvolvi	1030
4967	lija	1030
4968	louise	1029
4969	marka	1029
4970	eliżabetta	1029
4971	byron	1029
4972	huwiex	1028
4973	jammetti	1028
4974	qerq	1028
4975	munich	1028
4976	jitneħħa	1028
4977	offruti	1028
4978	josef	1028
4979	għajxien	1027
4980	waqfa	1027
4981	perfetta	1027
4982	idu	1026
4983	vinċenz	1026
4984	bibljoteka	1026
4985	jitħalla	1026
4986	nru	1025
4987	sentiment	1025
4988	tiskuża	1025
4989	zarb	1025
4990	koroh	1024
4991	tmenin	1024
4992	għaref	1024
4993	tibgħat	1024
4994	patrick	1024
4995	xiehda	1024
4996	rrefera	1024
4997	commercial	1024
4998	m'għandhom	1023
4999	interpellant	1023
5000	tinduna	1022
